{
    "name": "root",
    "gauges": {
        "OldMPTagAgent.Policy.Entropy.mean": {
            "value": 1.0750172138214111,
            "min": 1.0731480121612549,
            "max": 1.3029625415802002,
            "count": 731
        },
        "OldMPTagAgent.Policy.Entropy.sum": {
            "value": 20754.28125,
            "min": 2364.14404296875,
            "max": 90044.546875,
            "count": 731
        },
        "OldMPTagAgent.Environment.EpisodeLength.mean": {
            "value": 241.1219512195122,
            "min": 49.39323467230444,
            "max": 1078.1666666666667,
            "count": 731
        },
        "OldMPTagAgent.Environment.EpisodeLength.sum": {
            "value": 19772.0,
            "min": 2539.0,
            "max": 40235.0,
            "count": 731
        },
        "OldMPTagAgent.Self-play.ELO.mean": {
            "value": 3466.752476826917,
            "min": 1054.0768350050446,
            "max": 3466.752476826917,
            "count": 731
        },
        "OldMPTagAgent.Self-play.ELO.sum": {
            "value": 232272.41594740344,
            "min": 3348.577469771776,
            "max": 269547.9694403046,
            "count": 731
        },
        "OldMPTagAgent.Step.mean": {
            "value": 9999938.0,
            "min": 2689999.0,
            "max": 9999938.0,
            "count": 732
        },
        "OldMPTagAgent.Step.sum": {
            "value": 9999938.0,
            "min": 2689999.0,
            "max": 9999938.0,
            "count": 732
        },
        "OldMPTagAgent.Policy.ExtrinsicValueEstimate.mean": {
            "value": 25.724233627319336,
            "min": -204.37281799316406,
            "max": 58.30374526977539,
            "count": 732
        },
        "OldMPTagAgent.Policy.ExtrinsicValueEstimate.sum": {
            "value": 1723.523681640625,
            "min": -39023.875,
            "max": 3538.63671875,
            "count": 732
        },
        "OldMPTagAgent.Policy.CuriosityValueEstimate.mean": {
            "value": 0.21169579029083252,
            "min": 0.08109015226364136,
            "max": 1.1026620864868164,
            "count": 732
        },
        "OldMPTagAgent.Policy.CuriosityValueEstimate.sum": {
            "value": 14.18361759185791,
            "min": 1.3417085409164429,
            "max": 188.01010131835938,
            "count": 732
        },
        "OldMPTagAgent.Environment.CumulativeReward.mean": {
            "value": 131.51015509420367,
            "min": -191.73655142607512,
            "max": 268.7681555912412,
            "count": 731
        },
        "OldMPTagAgent.Environment.CumulativeReward.sum": {
            "value": 8811.180391311646,
            "min": -30340.846435546875,
            "max": 11609.44098186493,
            "count": 731
        },
        "OldMPTagAgent.Policy.ExtrinsicReward.mean": {
            "value": 131.51015509420367,
            "min": -191.73655142607512,
            "max": 268.7681555912412,
            "count": 731
        },
        "OldMPTagAgent.Policy.ExtrinsicReward.sum": {
            "value": 8811.180391311646,
            "min": -30340.846435546875,
            "max": 11609.44098186493,
            "count": 731
        },
        "OldMPTagAgent.Policy.CuriosityReward.mean": {
            "value": 0.24385771627968816,
            "min": 0.0,
            "max": 3.0365047436207533,
            "count": 731
        },
        "OldMPTagAgent.Policy.CuriosityReward.sum": {
            "value": 16.338466990739107,
            "min": 0.0,
            "max": 116.85785037279129,
            "count": 731
        },
        "OldMPTagAgent.IsTraining.mean": {
            "value": 1.0,
            "min": 1.0,
            "max": 1.0,
            "count": 732
        },
        "OldMPTagAgent.IsTraining.sum": {
            "value": 1.0,
            "min": 1.0,
            "max": 1.0,
            "count": 732
        },
        "OldMPTagAgent.Losses.PolicyLoss.mean": {
            "value": 0.018033232828990244,
            "min": 0.010947037636651658,
            "max": 0.024957682228220316,
            "count": 351
        },
        "OldMPTagAgent.Losses.PolicyLoss.sum": {
            "value": 0.018033232828990244,
            "min": 0.010947037636651658,
            "max": 0.024957682228220316,
            "count": 351
        },
        "OldMPTagAgent.Losses.ValueLoss.mean": {
            "value": 270.424228922526,
            "min": 135.2695432027181,
            "max": 685.2749003092448,
            "count": 351
        },
        "OldMPTagAgent.Losses.ValueLoss.sum": {
            "value": 270.424228922526,
            "min": 135.2695432027181,
            "max": 685.2749003092448,
            "count": 351
        },
        "OldMPTagAgent.Policy.LearningRate.mean": {
            "value": 0.0003,
            "min": 0.0003,
            "max": 0.0003,
            "count": 351
        },
        "OldMPTagAgent.Policy.LearningRate.sum": {
            "value": 0.0003,
            "min": 0.0003,
            "max": 0.0003,
            "count": 351
        },
        "OldMPTagAgent.Policy.Epsilon.mean": {
            "value": 0.20000000000000007,
            "min": 0.2,
            "max": 0.20000000000000007,
            "count": 351
        },
        "OldMPTagAgent.Policy.Epsilon.sum": {
            "value": 0.20000000000000007,
            "min": 0.2,
            "max": 0.20000000000000007,
            "count": 351
        },
        "OldMPTagAgent.Policy.Beta.mean": {
            "value": 0.005000000000000001,
            "min": 0.005,
            "max": 0.005000000000000001,
            "count": 351
        },
        "OldMPTagAgent.Policy.Beta.sum": {
            "value": 0.005000000000000001,
            "min": 0.005,
            "max": 0.005000000000000001,
            "count": 351
        },
        "OldMPTagAgent.Losses.CuriosityForwardLoss.mean": {
            "value": 0.07642595941821734,
            "min": 0.07121826236446699,
            "max": 0.8463275651137034,
            "count": 351
        },
        "OldMPTagAgent.Losses.CuriosityForwardLoss.sum": {
            "value": 0.07642595941821734,
            "min": 0.07121826236446699,
            "max": 0.8463275651137034,
            "count": 351
        },
        "OldMPTagAgent.Losses.CuriosityInverseLoss.mean": {
            "value": 1.587017544110616,
            "min": 1.5717939257621765,
            "max": 3.5545569817225138,
            "count": 351
        },
        "OldMPTagAgent.Losses.CuriosityInverseLoss.sum": {
            "value": 1.587017544110616,
            "min": 1.5717939257621765,
            "max": 3.5545569817225138,
            "count": 351
        }
    },
    "metadata": {
        "timer_format_version": "0.1.0",
        "start_time_seconds": "1657086526",
        "python_version": "3.9.13 (tags/v3.9.13:6de2ca5, May 17 2022, 16:36:42) [MSC v.1929 64 bit (AMD64)]",
        "command_line_arguments": "C:\\app-projects\\18001179FYP\\venv\\Scripts\\mlagents-learn config\\tagAgent.yaml --run-id=TagAgent04 --resume",
        "mlagents_version": "0.29.0",
        "mlagents_envs_version": "0.29.0",
        "communication_protocol_version": "1.5.0",
        "pytorch_version": "1.7.1+cu110",
        "numpy_version": "1.21.2",
        "end_time_seconds": "1657093529"
    },
    "total": 7002.5271277,
    "count": 1,
    "self": 0.05418009999903006,
    "children": {
        "run_training.setup": {
            "total": 0.25988259999999985,
            "count": 1,
            "self": 0.25988259999999985
        },
        "TrainerController.start_learning": {
            "total": 7002.213065000001,
            "count": 1,
            "self": 5.028428599906874,
            "children": {
                "TrainerController._reset_env": {
                    "total": 14.026922799998362,
                    "count": 74,
                    "self": 14.026922799998362
                },