{
    "name": "root",
    "gauges": {
        "OldMPTagAgent.Policy.Entropy.mean": {
            "value": 0.7770528793334961,
            "min": 0.7770528793334961,
            "max": 0.8275258541107178,
            "count": 277
        },
        "OldMPTagAgent.Policy.Entropy.sum": {
            "value": 15230.236328125,
            "min": 1181.8238525390625,
            "max": 46460.90625,
            "count": 277
        },
        "OldMPTagAgent.Environment.EpisodeLength.mean": {
            "value": 298.67605633802816,
            "min": 27.84593023255814,
            "max": 581.3488372093024,
            "count": 277
        },
        "OldMPTagAgent.Environment.EpisodeLength.sum": {
            "value": 21206.0,
            "min": 901.0,
            "max": 32620.0,
            "count": 277
        },
        "OldMPTagAgent.Self-play.ELO.mean": {
            "value": -7822.999113491615,
            "min": -7822.999113491615,
            "max": -6618.874497518193,
            "count": 276
        },
        "OldMPTagAgent.Self-play.ELO.sum": {
            "value": -281627.96808569814,
            "min": -2303533.6753778215,
            "max": -35307.541624917154,
            "count": 276
        },
        "OldMPTagAgent.Step.mean": {
            "value": 31179746.0,
            "min": 28419999.0,
            "max": 31179746.0,
            "count": 277
        },
        "OldMPTagAgent.Step.sum": {
            "value": 31179746.0,
            "min": 28419999.0,
            "max": 31179746.0,
            "count": 277
        },
        "OldMPTagAgent.Policy.ExtrinsicValueEstimate.mean": {
            "value": -20.16831398010254,
            "min": -141.92959594726562,
            "max": 23.021053314208984,
            "count": 277
        },
        "OldMPTagAgent.Policy.ExtrinsicValueEstimate.sum": {
            "value": -746.2276000976562,
            "min": -43889.53125,
            "max": 378.80712890625,
            "count": 277
        },
        "OldMPTagAgent.Policy.CuriosityValueEstimate.mean": {
            "value": 0.1819489300251007,
            "min": 0.12340511381626129,
            "max": 12.54403018951416,
            "count": 277
        },
        "OldMPTagAgent.Policy.CuriosityValueEstimate.sum": {
            "value": 6.732110500335693,
            "min": 1.5273927450180054,
            "max": 3971.020263671875,
            "count": 277
        },
        "OldMPTagAgent.Environment.CumulativeReward.mean": {
            "value": 3.0064809644544446,
            "min": -329.7915187885887,
            "max": 216.119384765625,
            "count": 277
        },
        "OldMPTagAgent.Environment.CumulativeReward.sum": {
            "value": 111.23979568481445,
            "min": -41105.371490478516,
            "max": 4429.969215393066,
            "count": 277
        },
        "OldMPTagAgent.Policy.ExtrinsicReward.mean": {
            "value": 3.0064809644544446,
            "min": -329.7915187885887,
            "max": 216.119384765625,
            "count": 277
        },
        "OldMPTagAgent.Policy.ExtrinsicReward.sum": {
            "value": 111.23979568481445,
            "min": -41105.371490478516,
            "max": 4429.969215393066,
            "count": 277
        },
        "OldMPTagAgent.Policy.CuriosityReward.mean": {
            "value": 0.3888653105980641,
            "min": 0.0,
            "max": 2.2655189745128155,
            "count": 277
        },
        "OldMPTagAgent.Policy.CuriosityReward.sum": {
            "value": 14.388016492128372,
            "min": 0.0,
            "max": 166.70140986144543,
            "count": 277
        },
        "OldMPTagAgent.IsTraining.mean": {
            "value": 1.0,
            "min": 1.0,
            "max": 1.0,
            "count": 277
        },
        "OldMPTagAgent.IsTraining.sum": {
            "value": 1.0,
            "min": 1.0,
            "max": 1.0,
            "count": 277
        },
        "OldMPTagAgent.Losses.PolicyLoss.mean": {
            "value": 0.019085505061472455,
            "min": 0.010522903073191021,
            "max": 0.02579366552333037,
            "count": 132
        },
        "OldMPTagAgent.Losses.PolicyLoss.sum": {
            "value": 0.019085505061472455,
            "min": 0.010522903073191021,
            "max": 0.02579366552333037,
            "count": 132
        },
        "OldMPTagAgent.Losses.ValueLoss.mean": {
            "value": 551.9982655843099,
            "min": 28.636813608805337,
            "max": 866.0722391764323,
            "count": 132
        },
        "OldMPTagAgent.Losses.ValueLoss.sum": {
            "value": 551.9982655843099,
            "min": 28.636813608805337,
            "max": 866.0722391764323,
            "count": 132
        },
        "OldMPTagAgent.Policy.LearningRate.mean": {
            "value": 0.00011295419034862405,
            "min": 0.00011295419034862405,
            "max": 0.000129407750864102,
            "count": 132
        },
        "OldMPTagAgent.Policy.LearningRate.sum": {
            "value": 0.00011295419034862405,
            "min": 0.00011295419034862405,
            "max": 0.000129407750864102,
            "count": 132
        },
        "OldMPTagAgent.Policy.Epsilon.mean": {
            "value": 0.13765137600000002,
            "min": 0.13765137600000002,
            "max": 0.143135898,
            "count": 132
        },
        "OldMPTagAgent.Policy.Epsilon.sum": {
            "value": 0.13765137600000002,
            "min": 0.13765137600000002,
            "max": 0.143135898,
            "count": 132
        },
        "OldMPTagAgent.Policy.Beta.mean": {
            "value": 0.0018888036623999997,
            "min": 0.0018888036623999997,
            "max": 0.0021624813101999998,
            "count": 132
        },
        "OldMPTagAgent.Policy.Beta.sum": {
            "value": 0.0018888036623999997,
            "min": 0.0018888036623999997,
            "max": 0.0021624813101999998,
            "count": 132
        },
        "OldMPTagAgent.Losses.CuriosityForwardLoss.mean": {
            "value": 0.07308320949474971,
            "min": 0.06377210741241773,
            "max": 1.1536033391952514,
            "count": 132
        },
        "OldMPTagAgent.Losses.CuriosityForwardLoss.sum": {
            "value": 0.07308320949474971,
            "min": 0.06377210741241773,
            "max": 1.1536033391952514,
            "count": 132
        },
        "OldMPTagAgent.Losses.CuriosityInverseLoss.mean": {
            "value": 0.8867841362953186,
            "min": 0.8745410164197286,
            "max": 1.6002628842989604,
            "count": 132
        },
        "OldMPTagAgent.Losses.CuriosityInverseLoss.sum": {
            "value": 0.8867841362953186,
            "min": 0.8745410164197286,
            "max": 1.6002628842989604,
            "count": 132
        }
    },
    "metadata": {
        "timer_format_version": "0.1.0",
        "start_time_seconds": "1657117245",
        "python_version": "3.9.13 (tags/v3.9.13:6de2ca5, May 17 2022, 16:36:42) [MSC v.1929 64 bit (AMD64)]",
        "command_line_arguments": "C:\\app-projects\\18001179FYP\\venv\\Scripts\\mlagents-learn config\\tagAgent.yaml --run-id=TagAgent04 --resume",
        "mlagents_version": "0.29.0",
        "mlagents_envs_version": "0.29.0",
        "communication_protocol_version": "1.5.0",
        "pytorch_version": "1.7.1+cu110",
        "numpy_version": "1.21.2",
        "end_time_seconds": "1657120322"
    },
    "total": 3077.02261,
    "count": 1,
    "self": 0.010492399999748159,
    "children": {
        "run_training.setup": {
            "total": 0.2873897999999997,
            "count": 1,
            "self": 0.2873897999999997
        },
        "TrainerController.start_learning": {
            "total": 3076.7247278000004,
            "count": 1,
            "self": 2.2012531000118543,