{
    "name": "root",
    "gauges": {
        "TagAgent.Policy.Entropy.mean": {
            "value": -1.2932199239730835,
            "min": -1.3641555309295654,
            "max": -0.9589705467224121,
            "count": 369
        },
        "TagAgent.Policy.Entropy.sum": {
            "value": -12779.599609375,
            "min": -14022.712890625,
            "max": -5220.4453125,
            "count": 369
        },
        "TagAgent.Step.mean": {
            "value": 18979958.0,
            "min": 15299981.0,
            "max": 18979958.0,
            "count": 369
        },
        "TagAgent.Step.sum": {
            "value": 18979958.0,
            "min": 15299981.0,
            "max": 18979958.0,
            "count": 369
        },
        "TagAgent.Policy.ExtrinsicValueEstimate.mean": {
            "value": 21.4754695892334,
            "min": -18.06468963623047,
            "max": 61.93303298950195,
            "count": 369
        },
        "TagAgent.Policy.ExtrinsicValueEstimate.sum": {
            "value": 3436.0751953125,
            "min": -2908.4150390625,
            "max": 5959.80615234375,
            "count": 369
        },
        "TagAgent.IsTraining.mean": {
            "value": 1.0,
            "min": 1.0,
            "max": 1.0,
            "count": 369
        },
        "TagAgent.IsTraining.sum": {
            "value": 1.0,
            "min": 1.0,
            "max": 1.0,
            "count": 369
        },
        "TagAgent.Losses.PolicyLoss.mean": {
            "value": 0.25047835303350324,
            "min": 0.23367699549546922,
            "max": 0.26250264704943777,
            "count": 368
        },
        "TagAgent.Losses.PolicyLoss.sum": {
            "value": 16.030614594144208,
            "min": 2.3987470940474926,
            "max": 17.446053846040083,
            "count": 368
        },
        "TagAgent.Losses.ValueLoss.mean": {
            "value": 277.43761924281466,
            "min": 3.249313936107151,
            "max": 959.312448093251,
            "count": 368
        },
        "TagAgent.Losses.ValueLoss.sum": {
            "value": 17756.00763154014,
            "min": 191.7095222303219,
            "max": 59477.37178178156,
            "count": 368
        },
        "TagAgent.Policy.LearningRate.mean": {
            "value": 0.0001861493881689666,
            "min": 0.0001861493881689666,
            "max": 0.0002081683092105738,
            "count": 368
        },
        "TagAgent.Policy.LearningRate.sum": {
            "value": 0.011913560842813862,
            "min": 0.002081683092105738,
            "max": 0.014243663116113015,
            "count": 368
        },
        "TagAgent.Policy.Epsilon.mean": {
            "value": 0.16204978340625,
            "min": 0.16204978340625,
            "max": 0.16938942619999997,
            "count": 368
        },
        "TagAgent.Policy.Epsilon.sum": {
            "value": 10.371186138,
            "min": 1.6938942619999997,
            "max": 11.817367238000001,
            "count": 368
        },
        "TagAgent.Policy.Beta.mean": {
            "value": 0.0005,
            "min": 0.0005,
            "max": 0.0005000000000000002,
            "count": 368
        },
        "TagAgent.Policy.Beta.sum": {
            "value": 0.032,
            "min": 0.005000000000000001,
            "max": 0.036000000000000004,
            "count": 368
        },
        "TagAgent.Environment.EpisodeLength.mean": {
            "value": 474.75,
            "min": 134.16666666666666,
            "max": 499.0,
            "count": 368
        },
        "TagAgent.Environment.EpisodeLength.sum": {
            "value": 7596.0,
            "min": 310.0,
            "max": 29653.0,
            "count": 368
        },
        "TagAgent.Environment.CumulativeReward.mean": {
            "value": 143.37309934198856,
            "min": -82.65097175598144,
            "max": 200.02295749837702,
            "count": 368
        },
        "TagAgent.Environment.CumulativeReward.sum": {
            "value": 2293.969589471817,
            "min": -2066.274293899536,
            "max": 7704.442406654358,
            "count": 368
        },
        "TagAgent.Policy.ExtrinsicReward.mean": {
            "value": 143.37309934198856,
            "min": -82.65097175598144,
            "max": 200.02295749837702,
            "count": 368
        },
        "TagAgent.Policy.ExtrinsicReward.sum": {
            "value": 2293.969589471817,
            "min": -2066.274293899536,
            "max": 7704.442406654358,
            "count": 368
        }
    },
    "metadata": {
        "timer_format_version": "0.1.0",
        "start_time_seconds": "1656984295",
        "python_version": "3.9.13 (tags/v3.9.13:6de2ca5, May 17 2022, 16:36:42) [MSC v.1929 64 bit (AMD64)]",
        "command_line_arguments": "C:\\app-projects\\18001179FYP\\venv\\Scripts\\mlagents-learn config\\tagAgent.yaml --run-id=TagAgent01 --resume",
        "mlagents_version": "0.29.0",
        "mlagents_envs_version": "0.29.0",
        "communication_protocol_version": "1.5.0",
        "pytorch_version": "1.7.1+cu110",
        "numpy_version": "1.21.2",
        "end_time_seconds": "1657003926"
    },
    "total": 19631.1747662,
    "count": 1,
    "self": 10.30754060000254,
    "children": {
        "run_training.setup": {
            "total": 0.3645043000000001,
            "count": 1,
            "self": 0.3645043000000001
        },
        "TrainerController.start_learning": {
            "total": 19620.5027213,
            "count": 1,
            "self": 2.130244600062724,
            "children": {
                "TrainerController._reset_env": {
                    "total": 41.2063531,
                    "count": 1,
                    "self": 41.2063531
                },
                "TrainerController.advance": {
                    "total": 19577.048058299937,
                    "count": 51902,
                    "self": 2.0111362999596167,
                    "children": {
                        "env_step": {
                            "total": 1289.8540637000003,
                            "count": 51902,
                            "self": 1149.1557892001854,
                            "children": {
                                "SubprocessEnvManager._take_step": {
                                    "total": 139.82067939997341,
                                    "count": 51903,
                                    "self": 7.566999699522455,
                                    "children": {
                                        "TorchPolicy.evaluate": {
                                            "total": 132.25367970045096,
                                            "count": 45555,
                                            "self": 42.08230100070341,
                                            "children": {
                                                "TorchPolicy.sample_actions": {
                                                    "total": 90.17137869974755,
                                                    "count": 45555,
                                                    "self": 90.17137869974755
                                                }
                                            }
                                        }
                                    }
                                },
                                "workers": {
                                    "total": 0.8775950998415212,
                                    "count": 51901,
                                    "self": 0.0,
                                    "children": {
                                        "worker_root": {
                                            "total": 19555.826288999924,
                                            "count": 51901,
                                            "is_parallel": true,
                                            "self": 18675.424492499955,