{
    "name": "root",
    "gauges": {
        "MoveToGoal.Policy.Entropy.mean": {
            "value": 1.2035921812057495,
            "min": 1.1977258920669556,
            "max": 1.2238621711730957,
            "count": 10
        },
        "MoveToGoal.Policy.Entropy.sum": {
            "value": 12156.28125,
            "min": 11996.56640625,
            "max": 12376.9248046875,
            "count": 10
        },
        "MoveToGoal.Environment.EpisodeLength.mean": {
            "value": 134.61111111111111,
            "min": 101.61176470588235,
            "max": 147.2089552238806,
            "count": 10
        },
        "MoveToGoal.Environment.EpisodeLength.sum": {
            "value": 9692.0,
            "min": 7866.0,
            "max": 10873.0,
            "count": 10
        },
        "MoveToGoal.Step.mean": {
            "value": 99936.0,
            "min": 9938.0,
            "max": 99936.0,
            "count": 10
        },
        "MoveToGoal.Step.sum": {
            "value": 99936.0,
            "min": 9938.0,
            "max": 99936.0,
            "count": 10
        },
        "MoveToGoal.Policy.ExtrinsicValueEstimate.mean": {
            "value": 0.12773093581199646,
            "min": 0.051871005445718765,
            "max": 0.21739903092384338,
            "count": 10
        },
        "MoveToGoal.Policy.ExtrinsicValueEstimate.sum": {
            "value": 27.973073959350586,
            "min": 11.25600814819336,
            "max": 50.00177764892578,
            "count": 10
        },
        "MoveToGoal.Environment.CumulativeReward.mean": {
            "value": 0.3055555555555556,
            "min": 0.21428571428571427,
            "max": 0.4,
            "count": 10
        },
        "MoveToGoal.Environment.CumulativeReward.sum": {
            "value": 22.0,
            "min": 15.0,
            "max": 34.0,
            "count": 10
        },
        "MoveToGoal.Policy.ExtrinsicReward.mean": {
            "value": 0.3055555555555556,
            "min": 0.21428571428571427,
            "max": 0.4,
            "count": 10
        },
        "MoveToGoal.Policy.ExtrinsicReward.sum": {
            "value": 22.0,
            "min": 15.0,
            "max": 34.0,
            "count": 10
        },
        "MoveToGoal.Losses.PolicyLoss.mean": {
            "value": 0.248084999368212,
            "min": 0.24063891039032223,
            "max": 0.24995579908400595,
            "count": 10
        },
        "MoveToGoal.Losses.PolicyLoss.sum": {
            "value": 17.117864956406628,
            "min": 13.576169926682061,
            "max": 17.496905935880417,
            "count": 10
        },
        "MoveToGoal.Losses.ValueLoss.mean": {
            "value": 0.005800129299136942,
            "min": 0.0035589190124873387,
            "max": 0.009294858999171466,
            "count": 10
        },
        "MoveToGoal.Losses.ValueLoss.sum": {
            "value": 0.400208921640449,
            "min": 0.231329735811677,
            "max": 0.520512103953602,
            "count": 10
        },
        "MoveToGoal.Policy.LearningRate.mean": {
            "value": 0.00024295517553668701,
            "min": 0.00024295517553668701,
            "max": 0.0002967332903746179,
            "count": 10
        },
        "MoveToGoal.Policy.LearningRate.sum": {
            "value": 0.016763907112031403,
            "min": 0.0166170642609786,
            "max": 0.019112167829277597,
            "count": 10
        },
        "MoveToGoal.Policy.Epsilon.mean": {
            "value": 0.18098505217391309,
            "min": 0.18098505217391309,
            "max": 0.19891109642857144,
            "count": 10
        },
        "MoveToGoal.Policy.Epsilon.sum": {
            "value": 12.487968600000002,
            "min": 11.1390214,
            "max": 13.370722400000002,
            "count": 10
        },
        "MoveToGoal.Policy.Beta.mean": {
            "value": 0.0005,
            "min": 0.0005,
            "max": 0.0005000000000000001,
            "count": 10
        },
        "MoveToGoal.Policy.Beta.sum": {
            "value": 0.0345,
            "min": 0.028000000000000004,
            "max": 0.035500000000000004,
            "count": 10
        },
        "MoveToGoal.IsTraining.mean": {
            "value": 1.0,
            "min": 1.0,
            "max": 1.0,
            "count": 10
        },
        "MoveToGoal.IsTraining.sum": {
            "value": 1.0,
            "min": 1.0,
            "max": 1.0,
            "count": 10
        }
    },
    "metadata": {
        "timer_format_version": "0.1.0",
        "start_time_seconds": "1655304833",
        "python_version": "3.9.13 (tags/v3.9.13:6de2ca5, May 17 2022, 16:36:42) [MSC v.1929 64 bit (AMD64)]",
        "command_line_arguments": "C:\\app-projects\\18001179FYP\\venv\\Scripts\\mlagents-learn --force config/moveToGoal.yaml --initialize-from=TestParameters --run-id=EnlargedArena",
        "mlagents_version": "0.29.0",
        "mlagents_envs_version": "0.29.0",
        "communication_protocol_version": "1.5.0",
        "pytorch_version": "1.7.1+cu110",
        "numpy_version": "1.21.2",
        "end_time_seconds": "1655305456"
    },
    "total": 622.8906857999999,
    "count": 1,
    "self": 0.006958599999961734,
    "children": {
        "run_training.setup": {
            "total": 0.26374299999999984,
            "count": 1,
            "self": 0.26374299999999984
        },
        "TrainerController.start_learning": {
            "total": 622.6199842,
            "count": 1,
            "self": 0.13408579999975245,
            "children": {
                "TrainerController._reset_env": {
                    "total": 29.151943,
                    "count": 1,
                    "self": 29.151943
                },
                "TrainerController.advance": {
                    "total": 591.7730478000002,
                    "count": 4827,
                    "self": 0.1251508999988573,
                    "children": {
                        "env_step": {
                            "total": 63.876399400001404,
                            "count": 4827,
                            "self": 52.509880400002174,
                            "children": {
                                "SubprocessEnvManager._take_step": {
                                    "total": 11.298797199999562,
                                    "count": 4827,
                                    "self": 0.42225229999906233,
                                    "children": {
                                        "TorchPolicy.evaluate": {
                                            "total": 10.8765449000005,
                                            "count": 4281,
                                            "self": 2.501743000001369,
                                            "children": {
                                                "TorchPolicy.sample_actions": {
                                                    "total": 8.374801899999131,
                                                    "count": 4281,
                                                    "self": 8.374801899999131
                                                }
                                            }
                                        }
                                    }
                                },
                                "workers": {
                                    "total": 0.06772179999967065,
                                    "count": 4826,
                                    "self": 0.0,
                                    "children": {
                                        "worker_root": {
                                            "total": 606.9913511000015,
                                            "count": 4826,
                                            "is_parallel": true,
                                            "self": 569.6367171000011,