{
    "name": "root",
    "gauges": {
        "MPTagAgent.Policy.Entropy.mean": {
            "value": -0.1877851039171219,
            "min": -1.095971941947937,
            "max": -0.1877851039171219,
            "count": 168
        },
        "MPTagAgent.Policy.Entropy.sum": {
            "value": -18807.8046875,
            "min": -111486.6484375,
            "max": -18807.8046875,
            "count": 168
        },
        "MPTagAgent.Environment.EpisodeLength.mean": {
            "value": 2.9884446221511394,
            "min": 2.962492078580482,
            "max": 6.4766641735228125,
            "count": 168
        },
        "MPTagAgent.Environment.EpisodeLength.sum": {
            "value": 74741.0,
            "min": 74654.0,
            "max": 86611.0,
            "count": 168
        },
        "MPTagAgent.Self-play.ELO.mean": {
            "value": -78992.95909668067,
            "min": -78992.95909668067,
            "max": 719.5707305338319,
            "count": 168
        },
        "MPTagAgent.Self-play.ELO.sum": {
            "value": -979749671.6761303,
            "min": -981841448.4749626,
            "max": 5817729.356366031,
            "count": 168
        },
        "MPTagAgent.Step.mean": {
            "value": 8399992.0,
            "min": 49998.0,
            "max": 8399992.0,
            "count": 168
        },
        "MPTagAgent.Step.sum": {
            "value": 8399992.0,
            "min": 49998.0,
            "max": 8399992.0,
            "count": 168
        },
        "MPTagAgent.Policy.ExtrinsicValueEstimate.mean": {
            "value": -9.341692924499512,
            "min": -9.497871398925781,
            "max": -2.6374988555908203,
            "count": 168
        },
        "MPTagAgent.Policy.ExtrinsicValueEstimate.sum": {
            "value": -116145.265625,
            "min": -119345.28125,
            "max": -21303.078125,
            "count": 168
        },
        "MPTagAgent.Policy.CuriosityValueEstimate.mean": {
            "value": 92.72718048095703,
            "min": 0.04029622673988342,
            "max": 92.72718048095703,
            "count": 168
        },
        "MPTagAgent.Policy.CuriosityValueEstimate.sum": {
            "value": 1152877.0,
            "min": 325.4726257324219,
            "max": 1159113.25,
            "count": 168
        },
        "MPTagAgent.Environment.CumulativeReward.mean": {
            "value": -9.5270650687686,
            "min": -9.661082976236852,
            "max": -9.486973947895791,
            "count": 168
        },
        "MPTagAgent.Environment.CumulativeReward.sum": {
            "value": -118450.0,
            "min": -120995.0,
            "max": -63552.0,
            "count": 168
        },
        "MPTagAgent.Policy.ExtrinsicReward.mean": {
            "value": -9.5270650687686,
            "min": -9.661082976236852,
            "max": -9.486973947895791,
            "count": 168
        },
        "MPTagAgent.Policy.ExtrinsicReward.sum": {
            "value": -118450.0,
            "min": -120995.0,
            "max": -63552.0,
            "count": 168
        },
        "MPTagAgent.Policy.CuriosityReward.mean": {
            "value": 3.746799852778443,
            "min": 0.009554407572191993,
            "max": 3.9704013990523492,
            "count": 168
        },
        "MPTagAgent.Policy.CuriosityReward.sum": {
            "value": 46583.96256959438,
            "min": 75.78556086262688,
            "max": 49618.99645161629,
            "count": 168
        },
        "MPTagAgent.Losses.PolicyLoss.mean": {
            "value": 0.2265403360128403,
            "min": 0.0456701948824856,
            "max": 0.27010596146186194,
            "count": 168
        },
        "MPTagAgent.Losses.PolicyLoss.sum": {
            "value": 0.4530806720256806,
            "min": 0.09341974894050509,
            "max": 0.8103178843855858,
            "count": 168
        },
        "MPTagAgent.Losses.ValueLoss.mean": {
            "value": 0.9723558197418849,
            "min": 0.024520713804910582,
            "max": 34.94410368899504,
            "count": 168
        },
        "MPTagAgent.Losses.ValueLoss.sum": {
            "value": 1.9447116394837698,
            "min": 0.049041427609821164,
            "max": 69.88820737799008,
            "count": 168
        },
        "MPTagAgent.Policy.LearningRate.mean": {
            "value": 0.00024974950675017,
            "min": 0.00024974950675017,
            "max": 0.0002998146390617869,
            "count": 168
        },
        "MPTagAgent.Policy.LearningRate.sum": {
            "value": 0.00049949901350034,
            "min": 0.00049949901350034,
            "max": 0.0008977782127405959,
            "count": 168
        },
        "MPTagAgent.Policy.Epsilon.mean": {
            "value": 0.2664996599999999,
            "min": 0.2664996599999999,
            "max": 0.299876426,
            "count": 168
        },
        "MPTagAgent.Policy.Epsilon.sum": {
            "value": 0.5329993199999998,
            "min": 0.5329993199999998,
            "max": 0.898518808,
            "count": 168
        },
        "MPTagAgent.Policy.Beta.mean": {
            "value": 0.0041641665170000005,
            "min": 0.0041641665170000005,
            "max": 0.004996916828699999,
            "count": 168
        },
        "MPTagAgent.Policy.Beta.sum": {
            "value": 0.008328333034000001,
            "min": 0.008328333034000001,
            "max": 0.014963044259599998,
            "count": 168
        },
        "MPTagAgent.Losses.CuriosityForwardLoss.mean": {
            "value": 280.13468373616536,
            "min": 0.0852112760146459,
            "max": 467.5765262179904,
            "count": 168
        },
        "MPTagAgent.Losses.CuriosityForwardLoss.sum": {
            "value": 560.2693674723307,
            "min": 0.1704225520292918,
            "max": 1402.7295786539712,
            "count": 168
        },
        "MPTagAgent.Losses.CuriosityInverseLoss.mean": {
            "value": 513652.86250000005,
            "min": 4.604018070962694,
            "max": 3432041.076736111,
            "count": 168
        },
        "MPTagAgent.Losses.CuriosityInverseLoss.sum": {
            "value": 1027305.7250000001,
            "min": 13.812054212888082,
            "max": 10296123.230208334,
            "count": 168
        },
        "MPTagAgent.IsTraining.mean": {
            "value": 1.0,
            "min": 1.0,
            "max": 1.0,
            "count": 168
        },
        "MPTagAgent.IsTraining.sum": {
            "value": 1.0,
            "min": 1.0,
            "max": 1.0,
            "count": 168
        }
    },
    "metadata": {
        "timer_format_version": "0.1.0",
        "start_time_seconds": "1658553975",
        "python_version": "3.9.13 (tags/v3.9.13:6de2ca5, May 17 2022, 16:36:42) [MSC v.1929 64 bit (AMD64)]",
        "command_line_arguments": "C:\\app-projects\\18001179FYP\\venv\\Scripts\\mlagents-learn config\\longHaul.yaml --run-id=TagAgent23 --initialize-from=TagAgent22 --force",
        "mlagents_version": "0.29.0",
        "mlagents_envs_version": "0.29.0",
        "communication_protocol_version": "1.5.0",
        "pytorch_version": "1.7.1+cu110",
        "numpy_version": "1.21.2",
        "end_time_seconds": "1658585246"
    },
    "total": 31270.567768599998,
    "count": 1,
    "self": 0.01396289999684086,
    "children": {
        "run_training.setup": {
            "total": 0.2631922,
            "count": 1,
            "self": 0.2631922
        },
        "TrainerController.start_learning": {
            "total": 31270.2906135,
            "count": 1,
            "self": 6.599736300049699,
            "children": {
                "TrainerController._reset_env": {
                    "total": 40.39306740001829,
                    "count": 837,
                    "self": 40.39306740001829
                },