{
    "name": "root",
    "gauges": {
        "MPTagAgent.Policy.Entropy.mean": {
            "value": 1.380199670791626,
            "min": 1.3801898956298828,
            "max": 1.4415318965911865,
            "count": 327
        },
        "MPTagAgent.Policy.Entropy.sum": {
            "value": 67629.78125,
            "min": 17178.85546875,
            "max": 70635.0625,
            "count": 327
        },
        "MPTagAgent.Environment.EpisodeLength.mean": {
            "value": 224.0,
            "min": 126.0,
            "max": 371.7083333333333,
            "count": 327
        },
        "MPTagAgent.Environment.EpisodeLength.sum": {
            "value": 43904.0,
            "min": 6174.0,
            "max": 49240.0,
            "count": 327
        },
        "MPTagAgent.Step.mean": {
            "value": 5009848.0,
            "min": 9500.0,
            "max": 5009848.0,
            "count": 501
        },
        "MPTagAgent.Step.sum": {
            "value": 5009848.0,
            "min": 9500.0,
            "max": 5009848.0,
            "count": 501
        },
        "MPTagAgent.Policy.ExtrinsicValueEstimate.mean": {
            "value": 1.5091651678085327,
            "min": 0.4512324631214142,
            "max": 8.388435363769531,
            "count": 501
        },
        "MPTagAgent.Policy.ExtrinsicValueEstimate.sum": {
            "value": 30.183303833007812,
            "min": 10.473932266235352,
            "max": 162.85789489746094,
            "count": 501
        },
        "MPTagAgent.Policy.CuriosityValueEstimate.mean": {
            "value": 99.98670196533203,
            "min": 0.6227332949638367,
            "max": 100.04805755615234,
            "count": 501
        },
        "MPTagAgent.Policy.CuriosityValueEstimate.sum": {
            "value": 1999.7340087890625,
            "min": 12.454666137695312,
            "max": 7800.6318359375,
            "count": 501
        },
        "MPTagAgent.Environment.CumulativeReward.mean": {
            "value": 0.0,
            "min": -1.35,
            "max": 6.9772727272727275,
            "count": 501
        },
        "MPTagAgent.Environment.CumulativeReward.sum": {
            "value": 0.0,
            "min": -27.0,
            "max": 470.0,
            "count": 501
        },
        "MPTagAgent.Policy.ExtrinsicReward.mean": {
            "value": 0.0,
            "min": -1.35,
            "max": 6.9772727272727275,
            "count": 501
        },
        "MPTagAgent.Policy.ExtrinsicReward.sum": {
            "value": 0.0,
            "min": -27.0,
            "max": 470.0,
            "count": 501
        },
        "MPTagAgent.Policy.CuriosityReward.mean": {
            "value": 499.89076538085936,
            "min": 0.0,
            "max": 500.0,
            "count": 501
        },
        "MPTagAgent.Policy.CuriosityReward.sum": {
            "value": 9997.815307617188,
            "min": 0.0,
            "max": 10483.0,
            "count": 501
        },
        "MPTagAgent.IsTraining.mean": {
            "value": 0.0,
            "min": 0.0,
            "max": 1.0,
            "count": 501
        },
        "MPTagAgent.IsTraining.sum": {
            "value": 0.0,
            "min": 0.0,
            "max": 1.0,
            "count": 501
        },
        "MPTagAgent.Losses.PolicyLoss.mean": {
            "value": 0.01829774272151884,
            "min": 0.009367856568794443,
            "max": 0.0221851651286771,
            "count": 198
        },
        "MPTagAgent.Losses.PolicyLoss.sum": {
            "value": 0.01829774272151884,
            "min": 0.009367856568794443,
            "max": 0.0221851651286771,
            "count": 198
        },
        "MPTagAgent.Losses.ValueLoss.mean": {
            "value": 0.5864769744150566,
            "min": 0.10671235643553012,
            "max": 17.47201396479751,
            "count": 198
        },
        "MPTagAgent.Losses.ValueLoss.sum": {
            "value": 0.5864769744150566,
            "min": 0.10671235643553012,
            "max": 17.47201396479751,
            "count": 198
        },
        "MPTagAgent.Policy.LearningRate.mean": {
            "value": 7.292197569600164e-07,
            "min": 7.292197569600164e-07,
            "max": 0.00029853000048999994,
            "count": 198
        },
        "MPTagAgent.Policy.LearningRate.sum": {
            "value": 7.292197569600164e-07,
            "min": 7.292197569600164e-07,
            "max": 0.00029853000048999994,
            "count": 198
        },
        "MPTagAgent.Policy.Epsilon.mean": {
            "value": 0.10024304,
            "min": 0.10024304,
            "max": 0.19951000000000002,
            "count": 198
        },
        "MPTagAgent.Policy.Epsilon.sum": {
            "value": 0.10024304,
            "min": 0.10024304,
            "max": 0.19951000000000002,
            "count": 198
        },
        "MPTagAgent.Policy.Beta.mean": {
            "value": 2.2127696000000275e-05,
            "min": 2.2127696000000275e-05,
            "max": 0.004975549,
            "count": 198
        },
        "MPTagAgent.Policy.Beta.sum": {
            "value": 2.2127696000000275e-05,
            "min": 2.2127696000000275e-05,
            "max": 0.004975549,
            "count": 198
        },
        "MPTagAgent.Losses.CuriosityForwardLoss.mean": {
            "value": 15832183.545454545,
            "min": 1528919.6893939395,
            "max": 488901578.72727275,
            "count": 198
        },
        "MPTagAgent.Losses.CuriosityForwardLoss.sum": {
            "value": 15832183.545454545,
            "min": 1528919.6893939395,
            "max": 488901578.72727275,
            "count": 198
        },
        "MPTagAgent.Losses.CuriosityInverseLoss.mean": {
            "value": 7643406.465909091,
            "min": 29767.387606534092,
            "max": 440480857.1251184,
            "count": 198
        },
        "MPTagAgent.Losses.CuriosityInverseLoss.sum": {
            "value": 7643406.465909091,
            "min": 29767.387606534092,
            "max": 440480857.1251184,
            "count": 198
        },
        "MPTagAgent.Self-play.ELO.mean": {
            "value": 2203.3211175329443,
            "min": 1200.0,
            "max": 2203.3211175329443,
            "count": 216
        },
        "MPTagAgent.Self-play.ELO.sum": {
            "value": 215925.46951822852,
            "min": 57600.0,
            "max": 215925.46951822852,
            "count": 216
        }
    },
    "metadata": {
        "timer_format_version": "0.1.0",
        "start_time_seconds": "1657841521",
        "python_version": "3.9.13 (tags/v3.9.13:6de2ca5, May 17 2022, 16:36:42) [MSC v.1929 64 bit (AMD64)]",
        "command_line_arguments": "C:\\app-projects\\18001179FYP\\venv\\Scripts\\mlagents-learn config\\tagAgent.yaml --run-id=TagAgent12 --initialize-from=TagAgent11 --force",
        "mlagents_version": "0.29.0",
        "mlagents_envs_version": "0.29.0",
        "communication_protocol_version": "1.5.0",
        "pytorch_version": "1.7.1+cu110",
        "numpy_version": "1.21.2",
        "end_time_seconds": "1657845809"
    },
    "total": 4287.8728955999995,
    "count": 1,
    "self": 0.015526799999861396,
    "children": {
        "run_training.setup": {
            "total": 0.25568559999999985,
            "count": 1,
            "self": 0.25568559999999985
        },
        "TrainerController.start_learning": {
            "total": 4287.6016832,
            "count": 1,
            "self": 2.265182799927061,
            "children": {
                "TrainerController._reset_env": {
                    "total": 21.267590099999953,
                    "count": 45,
                    "self": 21.267590099999953
                },
                "TrainerController.advance": {
                    "total": 4263.918978000072,
                    "count": 102941,
                    "self": 2.5814626999999746,