{
    "name": "root",
    "gauges": {
        "MPTagAgent.Policy.Entropy.mean": {
            "value": 1.382785677909851,
            "min": 1.382785677909851,
            "max": 1.427673101425171,
            "count": 75
        },
        "MPTagAgent.Policy.Entropy.sum": {
            "value": 27102.599609375,
            "min": 26559.6640625,
            "max": 49002.421875,
            "count": 75
        },
        "MPTagAgent.Environment.EpisodeLength.mean": {
            "value": 190.01,
            "min": 144.5,
            "max": 199.0,
            "count": 75
        },
        "MPTagAgent.Environment.EpisodeLength.sum": {
            "value": 19001.0,
            "min": 18169.0,
            "max": 30619.0,
            "count": 75
        },
        "MPTagAgent.Self-play.ELO.mean": {
            "value": 1067.8575910836046,
            "min": 1067.8575910836046,
            "max": 1196.3997652004123,
            "count": 63
        },
        "MPTagAgent.Self-play.ELO.sum": {
            "value": 10678.575910836045,
            "min": 1072.9857477123392,
            "max": 45662.24896052051,
            "count": 63
        },
        "MPTagAgent.Step.mean": {
            "value": 749870.0,
            "min": 9814.0,
            "max": 749870.0,
            "count": 75
        },
        "MPTagAgent.Step.sum": {
            "value": 749870.0,
            "min": 9814.0,
            "max": 749870.0,
            "count": 75
        },
        "MPTagAgent.Policy.ExtrinsicValueEstimate.mean": {
            "value": 10.628143310546875,
            "min": -34.69758987426758,
            "max": 16.883729934692383,
            "count": 75
        },
        "MPTagAgent.Policy.ExtrinsicValueEstimate.sum": {
            "value": 573.9197387695312,
            "min": -2394.1337890625,
            "max": 844.1864624023438,
            "count": 75
        },
        "MPTagAgent.Policy.CuriosityValueEstimate.mean": {
            "value": 0.8685064911842346,
            "min": -0.07063857465982437,
            "max": 9.122300148010254,
            "count": 75
        },
        "MPTagAgent.Policy.CuriosityValueEstimate.sum": {
            "value": 46.899349212646484,
            "min": -3.743844509124756,
            "max": 531.8139038085938,
            "count": 75
        },
        "MPTagAgent.Environment.CumulativeReward.mean": {
            "value": 33.771176938657405,
            "min": -123.92048675426538,
            "max": 76.67590118408204,
            "count": 75
        },
        "MPTagAgent.Environment.CumulativeReward.sum": {
            "value": 1823.6435546875,
            "min": -8550.513586044312,
            "max": 3833.7950592041016,
            "count": 75
        },
        "MPTagAgent.Policy.ExtrinsicReward.mean": {
            "value": 33.771176938657405,
            "min": -123.92048675426538,
            "max": 76.67590118408204,
            "count": 75
        },
        "MPTagAgent.Policy.ExtrinsicReward.sum": {
            "value": 1823.6435546875,
            "min": -8550.513586044312,
            "max": 3833.7950592041016,
            "count": 75
        },
        "MPTagAgent.Policy.CuriosityReward.mean": {
            "value": 0.7519160026201496,
            "min": 0.0,
            "max": 64.72842266874493,
            "count": 75
        },
        "MPTagAgent.Policy.CuriosityReward.sum": {
            "value": 40.603464141488075,
            "min": 0.0,
            "max": 3430.6064014434814,
            "count": 75
        },
        "MPTagAgent.IsTraining.mean": {
            "value": 1.0,
            "min": 1.0,
            "max": 1.0,
            "count": 75
        },
        "MPTagAgent.IsTraining.sum": {
            "value": 1.0,
            "min": 1.0,
            "max": 1.0,
            "count": 75
        },
        "MPTagAgent.Losses.PolicyLoss.mean": {
            "value": 0.014598749798889726,
            "min": 0.013851299449258173,
            "max": 0.02316637333133258,
            "count": 33
        },
        "MPTagAgent.Losses.PolicyLoss.sum": {
            "value": 0.014598749798889726,
            "min": 0.013851299449258173,
            "max": 0.02316637333133258,
            "count": 33
        },
        "MPTagAgent.Losses.ValueLoss.mean": {
            "value": 179.76165419358475,
            "min": 10.806409427097865,
            "max": 368.3728496844952,
            "count": 33
        },
        "MPTagAgent.Losses.ValueLoss.sum": {
            "value": 179.76165419358475,
            "min": 10.806409427097865,
            "max": 368.3728496844952,
            "count": 33
        },
        "MPTagAgent.Policy.LearningRate.mean": {
            "value": 0.0003,
            "min": 0.0003,
            "max": 0.0003,
            "count": 33
        },
        "MPTagAgent.Policy.LearningRate.sum": {
            "value": 0.0003,
            "min": 0.0003,
            "max": 0.0003,
            "count": 33
        },
        "MPTagAgent.Policy.Epsilon.mean": {
            "value": 0.20000000000000004,
            "min": 0.19999999999999996,
            "max": 0.20000000000000007,
            "count": 33
        },
        "MPTagAgent.Policy.Epsilon.sum": {
            "value": 0.20000000000000004,
            "min": 0.19999999999999996,
            "max": 0.20000000000000007,
            "count": 33
        },
        "MPTagAgent.Policy.Beta.mean": {
            "value": 0.005000000000000001,
            "min": 0.005,
            "max": 0.005000000000000001,
            "count": 33
        },
        "MPTagAgent.Policy.Beta.sum": {
            "value": 0.005000000000000001,
            "min": 0.005,
            "max": 0.005000000000000001,
            "count": 33
        },
        "MPTagAgent.Losses.CuriosityForwardLoss.mean": {
            "value": 0.19220688213140535,
            "min": 0.19220688213140535,
            "max": 77.43900184631347,
            "count": 33
        },
        "MPTagAgent.Losses.CuriosityForwardLoss.sum": {
            "value": 0.19220688213140535,
            "min": 0.19220688213140535,
            "max": 77.43900184631347,
            "count": 33
        },
        "MPTagAgent.Losses.CuriosityInverseLoss.mean": {
            "value": 2.4282643795013428,
            "min": 2.368362553914388,
            "max": 3.2206669171651203,
            "count": 33
        },
        "MPTagAgent.Losses.CuriosityInverseLoss.sum": {
            "value": 2.4282643795013428,
            "min": 2.368362553914388,
            "max": 3.2206669171651203,
            "count": 33
        }
    },
    "metadata": {
        "timer_format_version": "0.1.0",
        "start_time_seconds": "1657029707",
        "python_version": "3.9.13 (tags/v3.9.13:6de2ca5, May 17 2022, 16:36:42) [MSC v.1929 64 bit (AMD64)]",
        "command_line_arguments": "C:\\app-projects\\18001179FYP\\venv\\Scripts\\mlagents-learn config\\tagAgent.yaml --run-id=TagAgent03 --force",
        "mlagents_version": "0.29.0",
        "mlagents_envs_version": "0.29.0",
        "communication_protocol_version": "1.5.0",
        "pytorch_version": "1.7.1+cu110",
        "numpy_version": "1.21.2",
        "end_time_seconds": "1657030673"
    },
    "total": 966.0238303,
    "count": 1,
    "self": 10.018177300000048,
    "children": {
        "run_training.setup": {
            "total": 0.28805899999999984,
            "count": 1,
            "self": 0.28805899999999984
        },
        "TrainerController.start_learning": {
            "total": 955.717594,
            "count": 1,
            "self": 0.518537999999694,
            "children": {
                "TrainerController._reset_env": {
                    "total": 14.36996309999986,
                    "count": 8,
                    "self": 14.36996309999986
                },
                "TrainerController.advance": {
                    "total": 940.5964306000003,
                    "count": 18331,
                    "self": 0.5708546999958344,