{
    "name": "root",
    "gauges": {
        "MPTagAgent.Policy.Entropy.mean": {
            "value": 1.099191665649414,
            "min": 1.0991610288619995,
            "max": 1.2260539531707764,
            "count": 200
        },
        "MPTagAgent.Policy.Entropy.sum": {
            "value": 123555.7421875,
            "min": 14326.46484375,
            "max": 152234.21875,
            "count": 200
        },
        "MPTagAgent.Environment.EpisodeLength.mean": {
            "value": 169.15463917525773,
            "min": 132.0,
            "max": 178.67118644067796,
            "count": 200
        },
        "MPTagAgent.Environment.EpisodeLength.sum": {
            "value": 49224.0,
            "min": 3564.0,
            "max": 57573.0,
            "count": 200
        },
        "MPTagAgent.Self-play.ELO.mean": {
            "value": 3739.880851942288,
            "min": 1220.0230417987445,
            "max": 3739.8808519422882,
            "count": 196
        },
        "MPTagAgent.Self-play.ELO.sum": {
            "value": 130895.82981798008,
            "min": 5751.307766077447,
            "max": 262468.80550345127,
            "count": 196
        },
        "MPTagAgent.Step.mean": {
            "value": 9999339.0,
            "min": 49916.0,
            "max": 9999339.0,
            "count": 200
        },
        "MPTagAgent.Step.sum": {
            "value": 9999339.0,
            "min": 49916.0,
            "max": 9999339.0,
            "count": 200
        },
        "MPTagAgent.Policy.ExtrinsicValueEstimate.mean": {
            "value": 0.3849625587463379,
            "min": -0.8978368043899536,
            "max": 2.5805187225341797,
            "count": 200
        },
        "MPTagAgent.Policy.ExtrinsicValueEstimate.sum": {
            "value": 35.801517486572266,
            "min": -114.92311096191406,
            "max": 325.1453552246094,
            "count": 200
        },
        "MPTagAgent.Policy.CuriosityValueEstimate.mean": {
            "value": 0.08728648722171783,
            "min": 0.08219397813081741,
            "max": 0.2678077518939972,
            "count": 200
        },
        "MPTagAgent.Policy.CuriosityValueEstimate.sum": {
            "value": 8.117643356323242,
            "min": 5.215790271759033,
            "max": 34.27939224243164,
            "count": 200
        },
        "MPTagAgent.Environment.CumulativeReward.mean": {
            "value": 6.803921568627451,
            "min": 3.7169811320754715,
            "max": 10.0,
            "count": 200
        },
        "MPTagAgent.Environment.CumulativeReward.sum": {
            "value": 347.0,
            "min": 50.0,
            "max": 832.0,
            "count": 200
        },
        "MPTagAgent.Policy.ExtrinsicReward.mean": {
            "value": 6.803921568627451,
            "min": 3.7169811320754715,
            "max": 10.0,
            "count": 200
        },
        "MPTagAgent.Policy.ExtrinsicReward.sum": {
            "value": 347.0,
            "min": 50.0,
            "max": 832.0,
            "count": 200
        },
        "MPTagAgent.Policy.CuriosityReward.mean": {
            "value": 0.10372357610978332,
            "min": 0.0,
            "max": 0.40665248887879507,
            "count": 200
        },
        "MPTagAgent.Policy.CuriosityReward.sum": {
            "value": 5.289902381598949,
            "min": 0.0,
            "max": 34.15880906581879,
            "count": 200
        },
        "MPTagAgent.IsTraining.mean": {
            "value": 1.0,
            "min": 1.0,
            "max": 1.0,
            "count": 200
        },
        "MPTagAgent.IsTraining.sum": {
            "value": 1.0,
            "min": 1.0,
            "max": 1.0,
            "count": 200
        },
        "MPTagAgent.Losses.PolicyLoss.mean": {
            "value": 0.018837514711191328,
            "min": 0.013867198722437024,
            "max": 0.02107094338059361,
            "count": 166
        },
        "MPTagAgent.Losses.PolicyLoss.sum": {
            "value": 0.018837514711191328,
            "min": 0.013867198722437024,
            "max": 0.02107094338059361,
            "count": 166
        },
        "MPTagAgent.Losses.ValueLoss.mean": {
            "value": 1.0603262638223583,
            "min": 0.34544389737748554,
            "max": 1.0770941816625141,
            "count": 166
        },
        "MPTagAgent.Losses.ValueLoss.sum": {
            "value": 1.0603262638223583,
            "min": 0.34544389737748554,
            "max": 1.0770941816625141,
            "count": 166
        },
        "MPTagAgent.Policy.LearningRate.mean": {
            "value": 1.5873094709299944e-06,
            "min": 1.5873094709299944e-06,
            "max": 0.00029817252060916,
            "count": 166
        },
        "MPTagAgent.Policy.LearningRate.sum": {
            "value": 1.5873094709299944e-06,
            "min": 1.5873094709299944e-06,
            "max": 0.00029817252060916,
            "count": 166
        },
        "MPTagAgent.Policy.Epsilon.mean": {
            "value": 0.10052907000000003,
            "min": 0.10052907000000003,
            "max": 0.19939083999999996,
            "count": 166
        },
        "MPTagAgent.Policy.Epsilon.sum": {
            "value": 0.10052907000000003,
            "min": 0.10052907000000003,
            "max": 0.19939083999999996,
            "count": 166
        },
        "MPTagAgent.Policy.Beta.mean": {
            "value": 3.640059299999993e-05,
            "min": 3.640059299999993e-05,
            "max": 0.0049696029160000025,
            "count": 166
        },
        "MPTagAgent.Policy.Beta.sum": {
            "value": 3.640059299999993e-05,
            "min": 3.640059299999993e-05,
            "max": 0.0049696029160000025,
            "count": 166
        },
        "MPTagAgent.Losses.CuriosityForwardLoss.mean": {
            "value": 0.04665413241961907,
            "min": 0.04465651006876737,
            "max": 0.23538843311112503,
            "count": 166
        },
        "MPTagAgent.Losses.CuriosityForwardLoss.sum": {
            "value": 0.04665413241961907,
            "min": 0.04465651006876737,
            "max": 0.23538843311112503,
            "count": 166
        },
        "MPTagAgent.Losses.CuriosityInverseLoss.mean": {
            "value": 1.6268220235561501,
            "min": 1.613626370827357,
            "max": 2.351109641721879,
            "count": 166
        },
        "MPTagAgent.Losses.CuriosityInverseLoss.sum": {
            "value": 1.6268220235561501,
            "min": 1.613626370827357,
            "max": 2.351109641721879,
            "count": 166
        }
    },
    "metadata": {
        "timer_format_version": "0.1.0",
        "start_time_seconds": "1657898734",
        "python_version": "3.9.13 (tags/v3.9.13:6de2ca5, May 17 2022, 16:36:42) [MSC v.1929 64 bit (AMD64)]",
        "command_line_arguments": "C:\\app-projects\\18001179FYP\\venv\\Scripts\\mlagents-learn config\\tagAgent.yaml --run-id=TagAgent15 --initialize-from=TagAgent14 --force",
        "mlagents_version": "0.29.0",
        "mlagents_envs_version": "0.29.0",
        "communication_protocol_version": "1.5.0",
        "pytorch_version": "1.7.1+cu110",
        "numpy_version": "1.21.2",
        "end_time_seconds": "1657912269"
    },
    "total": 13535.2032978,
    "count": 1,
    "self": 0.051594100001238985,
    "children": {
        "run_training.setup": {
            "total": 0.33309580000000016,
            "count": 1,
            "self": 0.33309580000000016
        },
        "TrainerController.start_learning": {
            "total": 13534.818607899999,
            "count": 1,
            "self": 8.50868650020675,
            "children": {
                "TrainerController._reset_env": {
                    "total": 38.602697300018605,
                    "count": 335,
                    "self": 38.602697300018605
                },