{"count":1,"self":144.51683839999998,"total":614.226709,"children":{"InitializeActuators":{"count":98,"self":0.0049857,"total":0.0049857,"children":null},"InitializeSensors":{"count":98,"self":0.0039892999999999994,"total":0.0039892999999999994,"children":null},"AgentSendState":{"count":22834,"self":0.8580257,"total":6.9432396,"children":{"CollectObservations":{"count":447762,"self":1.6936769999999999,"total":1.6936769999999999,"children":null},"WriteActionMask":{"count":447762,"self":0.1007295,"total":0.1007295,"children":null},"RequestDecision":{"count":447762,"self":0.78028959999999992,"total":4.2908073999999994,"children":{"AgentInfo.ToProto":{"count":447762,"self":0.5818298,"total":3.5105177999999997,"children":{"GenerateSensorData":{"count":447762,"self":2.9286879999999997,"total":2.9286879999999997,"children":null}}}}}}},"DecideAction":{"count":22834,"self":461.4936064,"total":461.49362199999996,"children":null},"AgentAct":{"count":22834,"self":1.2540624,"total":1.2540624,"children":null},"AgentInfo.ToProto":{"count":1613,"self":0.0029923,"total":0.0099734,"children":{"GenerateSensorData":{"count":1613,"self":0.0069811,"total":0.0069811,"children":null}}}},"gauges":{"MPTagAgent.CumulativeReward":{"count":1613,"max":100,"min":-10,"runningAverage":43.46563,"value":-10,"weightedAverage":50.917984}},"metadata":{"timer_format_version":"0.1.0","start_time_seconds":"1657795179","unity_version":"2021.2.7f1","command_line_arguments":"C:\\Program Files\\Unity\\Hub\\Editor\\2021.2.7f1\\Editor\\Unity.exe -projectpath C:\\app-projects\\18001179FYP -useHub -hubIPC -cloudEnvironment production -licensingIpc LicenseClient-miche -hubSessionId da0e0140-033e-11ed-af04-e5677ad4847b -accessToken y8TxXV7SBo5aQiQcvq80JH8tUmsM3kQz3l51nzVBTJc011f","communication_protocol_version":"1.5.0","com.unity.ml-agents_version":"2.2.1-exp.1","scene_name":"SimpleHouse","end_time_seconds":"1657795793"}}