{"count":1,"self":185.73706239999999,"total":10628.173137599999,"children":{"InitializeActuators":{"count":49,"self":0.0019947999999999997,"total":0.0019947999999999997,"children":null},"InitializeSensors":{"count":49,"self":0.0029922,"total":0.0029922,"children":null},"AgentSendState":{"count":185001,"self":3.1205436,"total":25.9182988,"children":{"CollectObservations":{"count":1813049,"self":6.0457312,"total":6.0457313,"children":null},"WriteActionMask":{"count":1813049,"self":0.4638115,"total":0.4638115,"children":null},"RequestDecision":{"count":1813049,"self":2.6838588,"total":16.2882124,"children":{"AgentInfo.ToProto":{"count":1813049,"self":2.3384628,"total":13.6043536,"children":{"GenerateSensorData":{"count":1813049,"self":11.2658904,"total":11.2658907,"children":null}}}}}}},"DecideAction":{"count":185001,"self":10410.151936,"total":10410.1518643,"children":null},"AgentAct":{"count":185001,"self":6.2023763999999995,"total":6.3299119,"children":{"AgentInfo.ToProto":{"count":8578,"self":0.0318656,"total":0.1275354,"children":{"GenerateSensorData":{"count":8578,"self":0.0956698,"total":0.0956698,"children":null}}}}},"AgentInfo.ToProto":{"count":1003,"self":0.0110189,"total":0.0290202,"children":{"GenerateSensorData":{"count":1003,"self":0.018001299999999998,"total":0.018001299999999998,"children":null}}}},"gauges":{"TagAgent.CumulativeReward":{"count":9581,"max":102.525383,"min":-406.327728,"runningAverage":-9.534336,"value":-3.91558075,"weightedAverage":-0.123655856}},"metadata":{"timer_format_version":"0.1.0","start_time_seconds":"1656050893","unity_version":"2021.2.7f1","command_line_arguments":"C:\\Program Files\\Unity\\Hub\\Editor\\2021.2.7f1\\Editor\\Unity.exe -projectpath C:\\app-projects\\18001179FYP -useHub -hubIPC -cloudEnvironment production -licensingIpc LicenseClient-miche -hubSessionId d2169bb0-f36b-11ec-a0f8-677b84029b84 -accessToken 8EaGTMkIAthql4noDQTnpZEHbxXt5v4RZKWkrBjS4SU011f","communication_protocol_version":"1.5.0","com.unity.ml-agents_version":"2.2.1-exp.1","scene_name":"SimpleHouse","end_time_seconds":"1656061521"}}