{"count":1,"self":11386.187775999999,"total":45016.3161952,"children":{"InitializeActuators":{"count":98,"self":0.0039994,"total":0.0039994,"children":null},"InitializeSensors":{"count":98,"self":0.0029992,"total":0.0029992,"children":null},"AgentSendState":{"count":5145567,"self":162.9580928,"total":1044.0195572999999,"children":{"CollectObservations":{"count":100926378,"self":268.8163328,"total":268.8163393,"children":null},"WriteActionMask":{"count":100926378,"self":16.1312176,"total":16.1312182,"children":null},"RequestDecision":{"count":100926378,"self":123.59392,"total":596.11391159999994,"children":{"AgentInfo.ToProto":{"count":100926378,"self":94.3134144,"total":472.51999379999995,"children":{"GenerateSensorData":{"count":100926378,"self":378.2065664,"total":378.2065783,"children":null}}}}}}},"DecideAction":{"count":5145567,"self":32377.539788799997,"total":32377.5383291,"children":null},"AgentAct":{"count":5145567,"self":207.1159808,"total":207.11598279999998,"children":null},"AgentInfo.ToProto":{"count":247765,"self":0.3212567,"total":1.4468067,"children":{"GenerateSensorData":{"count":247765,"self":1.12555,"total":1.12555,"children":null}}}},"gauges":{"MPTagAgent.CumulativeReward":{"count":247765,"max":2,"min":-2,"runningAverage":0.002946361,"value":-2,"weightedAverage":-1.02340674}},"metadata":{"timer_format_version":"0.1.0","start_time_seconds":"1667317830","unity_version":"2021.2.7f1","command_line_arguments":"C:\\Program Files\\Unity Editor\\2021.2.7f1\\Editor\\Unity.exe -projectpath C:\\app-projects\\18001179FYP -useHub -hubIPC -cloudEnvironment production -licensingIpc LicenseClient-miche -hubSessionId 26004a50-59fb-11ed-bafd-072752de38e5 -accessToken SY1LglNzr0kdLa18lpBfxU28hR7Mh0J5kpoRVuQyXno011f","communication_protocol_version":"1.5.0","com.unity.ml-agents_version":"2.2.1-exp.1","scene_name":"SimpleHouse","end_time_seconds":"1667362847"}}