{"count":1,"self":170.3698688,"total":171.55078279999998,"children":{"InitializeActuators":{"count":1,"self":0.0019876,"total":0.0019876,"children":null},"InitializeSensors":{"count":1,"self":0.00096459999999999992,"total":0.00096459999999999992,"children":null},"AgentSendState":{"count":8339,"self":0.030112499999999997,"total":0.077539299999999992,"children":{"CollectObservations":{"count":1668,"self":0.020685699999999998,"total":0.020685699999999998,"children":null},"WriteActionMask":{"count":1668,"self":0.0039938,"total":0.0039938,"children":null},"RequestDecision":{"count":1668,"self":0.022747299999999998,"total":0.022747299999999998,"children":null}}},"DecideAction":{"count":8339,"self":1.0627568,"total":1.0627568,"children":null},"AgentAct":{"count":8339,"self":0.035677099999999996,"total":0.035677099999999996,"children":null}},"gauges":{"TagAgent.CumulativeReward":{"count":13,"max":-100.558,"min":-321.142639,"runningAverage":-208.700531,"value":-262.378662,"weightedAverage":-222.838638}},"metadata":{"timer_format_version":"0.1.0","start_time_seconds":"1656597410","unity_version":"2021.2.7f1","command_line_arguments":"C:\\Program Files\\Unity\\Hub\\Editor\\2021.2.7f1\\Editor\\Unity.exe -projectpath C:\\app-projects\\18001179FYP -useHub -hubIPC -cloudEnvironment production -licensingIpc LicenseClient-miche -hubSessionId 1efc21e0-f838-11ec-ad79-5f9f295b16bc -accessToken p02Ua6TDCoDbwFeeXz9xCEljNtiOGJNwbOflONJkCQY011f","communication_protocol_version":"1.5.0","com.unity.ml-agents_version":"2.2.1-exp.1","scene_name":"SimpleHouse","end_time_seconds":"1656597581"}}