{
    "name": "root",
    "gauges": {
        "MPTagAgent.Policy.Entropy.mean": {
            "value": 0.8720532655715942,
            "min": 0.8719160556793213,
            "max": 0.895210325717926,
            "count": 20
        },
        "MPTagAgent.Policy.Entropy.sum": {
            "value": 108279.3671875,
            "min": 11512.130859375,
            "max": 115589.9609375,
            "count": 20
        },
        "MPTagAgent.Environment.EpisodeLength.mean": {
            "value": 161.4131736526946,
            "min": 132.0,
            "max": 168.56015037593986,
            "count": 20
        },
        "MPTagAgent.Environment.EpisodeLength.sum": {
            "value": 53912.0,
            "min": 4224.0,
            "max": 55183.0,
            "count": 20
        },
        "MPTagAgent.Self-play.ELO.mean": {
            "value": 1375.610408319867,
            "min": 1208.4518815831339,
            "max": 1375.610408319867,
            "count": 20
        },
        "MPTagAgent.Self-play.ELO.sum": {
            "value": 99043.94939903042,
            "min": 5491.592804282687,
            "max": 99043.94939903042,
            "count": 20
        },
        "MPTagAgent.Step.mean": {
            "value": 999425.0,
            "min": 49051.0,
            "max": 999425.0,
            "count": 20
        },
        "MPTagAgent.Step.sum": {
            "value": 999425.0,
            "min": 49051.0,
            "max": 999425.0,
            "count": 20
        },
        "MPTagAgent.Policy.ExtrinsicValueEstimate.mean": {
            "value": 0.5316197276115417,
            "min": 0.181996151804924,
            "max": 1.1078673601150513,
            "count": 20
        },
        "MPTagAgent.Policy.ExtrinsicValueEstimate.sum": {
            "value": 59.541412353515625,
            "min": 14.195699691772461,
            "max": 125.18901824951172,
            "count": 20
        },
        "MPTagAgent.Policy.CuriosityValueEstimate.mean": {
            "value": 0.10284306108951569,
            "min": 0.07742710411548615,
            "max": 0.10407478362321854,
            "count": 20
        },
        "MPTagAgent.Policy.CuriosityValueEstimate.sum": {
            "value": 11.518423080444336,
            "min": 5.799534797668457,
            "max": 11.518423080444336,
            "count": 20
        },
        "MPTagAgent.Environment.CumulativeReward.mean": {
            "value": 4.75,
            "min": 1.2972972972972974,
            "max": 6.125,
            "count": 20
        },
        "MPTagAgent.Environment.CumulativeReward.sum": {
            "value": 342.0,
            "min": 49.0,
            "max": 346.0,
            "count": 20
        },
        "MPTagAgent.Policy.ExtrinsicReward.mean": {
            "value": 4.75,
            "min": 1.2972972972972974,
            "max": 6.125,
            "count": 20
        },
        "MPTagAgent.Policy.ExtrinsicReward.sum": {
            "value": 342.0,
            "min": 49.0,
            "max": 346.0,
            "count": 20
        },
        "MPTagAgent.Policy.CuriosityReward.mean": {
            "value": 0.11194824241101742,
            "min": 0.0,
            "max": 0.15674489230981895,
            "count": 20
        },
        "MPTagAgent.Policy.CuriosityReward.sum": {
            "value": 8.060273453593254,
            "min": 0.0,
            "max": 10.972142461687326,
            "count": 20
        },
        "MPTagAgent.IsTraining.mean": {
            "value": 1.0,
            "min": 1.0,
            "max": 1.0,
            "count": 20
        },
        "MPTagAgent.IsTraining.sum": {
            "value": 1.0,
            "min": 1.0,
            "max": 1.0,
            "count": 20
        },
        "MPTagAgent.Losses.PolicyLoss.mean": {
            "value": 0.016087486181590817,
            "min": 0.015201244452411587,
            "max": 0.019265097346284336,
            "count": 16
        },
        "MPTagAgent.Losses.PolicyLoss.sum": {
            "value": 0.016087486181590817,
            "min": 0.015201244452411587,
            "max": 0.019265097346284336,
            "count": 16
        },
        "MPTagAgent.Losses.ValueLoss.mean": {
            "value": 1.1071007368208348,
            "min": 0.8830458919207255,
            "max": 1.1524826827503385,
            "count": 16
        },
        "MPTagAgent.Losses.ValueLoss.sum": {
            "value": 1.1071007368208348,
            "min": 0.8830458919207255,
            "max": 1.1524826827503385,
            "count": 16
        },
        "MPTagAgent.Policy.LearningRate.mean": {
            "value": 1.4926295024599988e-05,
            "min": 1.4926295024599988e-05,
            "max": 0.00028228470590509994,
            "count": 16
        },
        "MPTagAgent.Policy.LearningRate.sum": {
            "value": 1.4926295024599988e-05,
            "min": 1.4926295024599988e-05,
            "max": 0.00028228470590509994,
            "count": 16
        },
        "MPTagAgent.Policy.Epsilon.mean": {
            "value": 0.09999999999999998,
            "min": 0.09999999999999998,
            "max": 0.09999999999999998,
            "count": 16
        },
        "MPTagAgent.Policy.Epsilon.sum": {
            "value": 0.09999999999999998,
            "min": 0.09999999999999998,
            "max": 0.09999999999999998,
            "count": 16
        },
        "MPTagAgent.Policy.Beta.mean": {
            "value": 3.437945999999998e-05,
            "min": 3.437945999999998e-05,
            "max": 0.00047106501,
            "count": 16
        },
        "MPTagAgent.Policy.Beta.sum": {
            "value": 3.437945999999998e-05,
            "min": 3.437945999999998e-05,
            "max": 0.00047106501,
            "count": 16
        },
        "MPTagAgent.Losses.CuriosityForwardLoss.mean": {
            "value": 0.051225060361555254,
            "min": 0.050816654094627926,
            "max": 0.07147837554415067,
            "count": 16
        },
        "MPTagAgent.Losses.CuriosityForwardLoss.sum": {
            "value": 0.051225060361555254,
            "min": 0.050816654094627926,
            "max": 0.07147837554415067,
            "count": 16
        },
        "MPTagAgent.Losses.CuriosityInverseLoss.mean": {
            "value": 1.0327459046210365,
            "min": 1.0327459046210365,
            "max": 1.1722444948695956,
            "count": 16
        },
        "MPTagAgent.Losses.CuriosityInverseLoss.sum": {
            "value": 1.0327459046210365,
            "min": 1.0327459046210365,
            "max": 1.1722444948695956,
            "count": 16
        }
    },
    "metadata": {
        "timer_format_version": "0.1.0",
        "start_time_seconds": "1657958074",
        "python_version": "3.9.13 (tags/v3.9.13:6de2ca5, May 17 2022, 16:36:42) [MSC v.1929 64 bit (AMD64)]",
        "command_line_arguments": "C:\\app-projects\\18001179FYP\\venv\\Scripts\\mlagents-learn config\\finalize.yaml --run-id=TagAgent17 --initialize-from=TagAgent16 --force",
        "mlagents_version": "0.29.0",
        "mlagents_envs_version": "0.29.0",
        "communication_protocol_version": "1.5.0",
        "pytorch_version": "1.7.1+cu110",
        "numpy_version": "1.21.2",
        "end_time_seconds": "1657959087"
    },
    "total": 1012.4294198,
    "count": 1,
    "self": 0.024938699999893288,
    "children": {
        "run_training.setup": {
            "total": 0.2627349000000001,
            "count": 1,
            "self": 0.2627349000000001
        },
        "TrainerController.start_learning": {
            "total": 1012.1417462000001,
            "count": 1,
            "self": 0.5768547000001263,
            "children": {
                "TrainerController._reset_env": {
                    "total": 13.997144799999791,
                    "count": 35,
                    "self": 13.997144799999791
                },
                "TrainerController.advance": {
                    "total": 997.3732939000002,