{
    "name": "root",
    "gauges": {
        "TagAgent.Policy.Entropy.mean": {
            "value": 0.33889320492744446,
            "min": 0.24837645888328552,
            "max": 2.721515655517578,
            "count": 150
        },
        "TagAgent.Policy.Entropy.sum": {
            "value": 3404.18212890625,
            "min": 2470.6005859375,
            "max": 30404.7734375,
            "count": 150
        },
        "TagAgent.Environment.EpisodeLength.mean": {
            "value": 64.56428571428572,
            "min": 41.990566037735846,
            "max": 179.23636363636365,
            "count": 150
        },
        "TagAgent.Environment.EpisodeLength.sum": {
            "value": 9039.0,
            "min": 8816.0,
            "max": 11413.0,
            "count": 150
        },
        "TagAgent.Step.mean": {
            "value": 1499952.0,
            "min": 9946.0,
            "max": 1499952.0,
            "count": 150
        },
        "TagAgent.Step.sum": {
            "value": 1499952.0,
            "min": 9946.0,
            "max": 1499952.0,
            "count": 150
        },
        "TagAgent.Policy.ExtrinsicValueEstimate.mean": {
            "value": 49.52492141723633,
            "min": -768.3174438476562,
            "max": 54.952205657958984,
            "count": 150
        },
        "TagAgent.Policy.ExtrinsicValueEstimate.sum": {
            "value": 11638.3564453125,
            "min": -162883.296875,
            "max": 12144.4375,
            "count": 150
        },
        "TagAgent.Environment.CumulativeReward.mean": {
            "value": 64.48131860441904,
            "min": -90.08946852772584,
            "max": 80.7208397321552,
            "count": 150
        },
        "TagAgent.Environment.CumulativeReward.sum": {
            "value": 9091.865923223086,
            "min": -19098.96732787788,
            "max": 10287.31740577519,
            "count": 150
        },
        "TagAgent.Policy.ExtrinsicReward.mean": {
            "value": 64.48131860441904,
            "min": -90.08946852772584,
            "max": 80.7208397321552,
            "count": 150
        },
        "TagAgent.Policy.ExtrinsicReward.sum": {
            "value": 9091.865923223086,
            "min": -19098.96732787788,
            "max": 10287.31740577519,
            "count": 150
        },
        "TagAgent.Losses.PolicyLoss.mean": {
            "value": 0.2452427697433191,
            "min": 0.23474092800512475,
            "max": 0.2552426674986922,
            "count": 150
        },
        "TagAgent.Losses.PolicyLoss.sum": {
            "value": 15.205051724085784,
            "min": 12.611445253068775,
            "max": 17.61174405740976,
            "count": 150
        },
        "TagAgent.Losses.ValueLoss.mean": {
            "value": 750.2824275894936,
            "min": 80.6249833211208,
            "max": 119020.22530170578,
            "count": 150
        },
        "TagAgent.Losses.ValueLoss.sum": {
            "value": 46517.51051054861,
            "min": 4676.249032625006,
            "max": 7617294.41930917,
            "count": 150
        },
        "TagAgent.Policy.LearningRate.mean": {
            "value": 0.00029103018947380883,
            "min": 0.00029103018947380883,
            "max": 0.00029996881723261644,
            "count": 150
        },
        "TagAgent.Policy.LearningRate.sum": {
            "value": 0.018043871747376147,
            "min": 0.01584759532146823,
            "max": 0.020401517053494383,
            "count": 150
        },
        "TagAgent.Policy.Epsilon.mean": {
            "value": 0.19701006216129036,
            "min": 0.19701006216129036,
            "max": 0.19998960574074076,
            "count": 150
        },
        "TagAgent.Policy.Epsilon.sum": {
            "value": 12.214623854000003,
            "min": 10.582531768,
            "max": 13.800505617999999,
            "count": 150
        },
        "TagAgent.Policy.Beta.mean": {
            "value": 0.0005,
            "min": 0.0005,
            "max": 0.0005000000000000001,
            "count": 150
        },
        "TagAgent.Policy.Beta.sum": {
            "value": 0.031000000000000003,
            "min": 0.026500000000000003,
            "max": 0.035,
            "count": 150
        },
        "TagAgent.IsTraining.mean": {
            "value": 1.0,
            "min": 1.0,
            "max": 1.0,
            "count": 150
        },
        "TagAgent.IsTraining.sum": {
            "value": 1.0,
            "min": 1.0,
            "max": 1.0,
            "count": 150
        }
    },
    "metadata": {
        "timer_format_version": "0.1.0",
        "start_time_seconds": "1656062183",
        "python_version": "3.9.13 (tags/v3.9.13:6de2ca5, May 17 2022, 16:36:42) [MSC v.1929 64 bit (AMD64)]",
        "command_line_arguments": "C:\\app-projects\\18001179FYP\\venv\\Scripts\\mlagents-learn config\\tagAgent.yaml --run-id=TagAgent05 --force",
        "mlagents_version": "0.29.0",
        "mlagents_envs_version": "0.29.0",
        "communication_protocol_version": "1.5.0",
        "pytorch_version": "1.7.1+cu110",
        "numpy_version": "1.21.2",
        "end_time_seconds": "1656071116"
    },
    "total": 8932.9140951,
    "count": 1,
    "self": 0.013132199999745353,
    "children": {
        "run_training.setup": {
            "total": 0.25552169999999985,
            "count": 1,
            "self": 0.25552169999999985
        },
        "TrainerController.start_learning": {
            "total": 8932.6454412,
            "count": 1,
            "self": 1.048297699986506,
            "children": {
                "TrainerController._reset_env": {
                    "total": 12.147911,
                    "count": 1,
                    "self": 12.147911
                },
                "TrainerController.advance": {
                    "total": 8919.324471000014,
                    "count": 37514,
                    "self": 0.9116421000580885,
                    "children": {
                        "env_step": {
                            "total": 583.167835400071,
                            "count": 37514,
                            "self": 406.50297940002724,
                            "children": {
                                "SubprocessEnvManager._take_step": {
                                    "total": 176.16973470005627,
                                    "count": 37514,
                                    "self": 3.1058845000545716,
                                    "children": {
                                        "TorchPolicy.evaluate": {
                                            "total": 173.0638502000017,
                                            "count": 30764,
                                            "self": 33.55097769997326,
                                            "children": {
                                                "TorchPolicy.sample_actions": {
                                                    "total": 139.51287250002844,
                                                    "count": 30764,
                                                    "self": 139.51287250002844
                                                }
                                            }
                                        }
                                    }
                                },
                                "workers": {
                                    "total": 0.4951212999875274,
                                    "count": 37513,
                                    "self": 0.0,
                                    "children": {
                                        "worker_root": {
                                            "total": 8861.395459699972,
                                            "count": 37513,
                                            "is_parallel": true,
                                            "self": 8602.606600999907,