{
    "name": "root",
    "gauges": {
        "OldMPTagAgent.Policy.Entropy.mean": {
            "value": 1.0340042114257812,
            "min": 1.0317168235778809,
            "max": 1.0804089307785034,
            "count": 144
        },
        "OldMPTagAgent.Policy.Entropy.sum": {
            "value": 9322.58203125,
            "min": 2754.075439453125,
            "max": 64865.34375,
            "count": 144
        },
        "OldMPTagAgent.Environment.EpisodeLength.mean": {
            "value": 340.3939393939394,
            "min": 39.24342105263158,
            "max": 491.57142857142856,
            "count": 144
        },
        "OldMPTagAgent.Environment.EpisodeLength.sum": {
            "value": 11233.0,
            "min": 3441.0,
            "max": 26844.0,
            "count": 144
        },
        "OldMPTagAgent.Self-play.ELO.mean": {
            "value": -83.04781422530644,
            "min": -83.04781422530644,
            "max": 1176.4724055987617,
            "count": 144
        },
        "OldMPTagAgent.Self-play.ELO.sum": {
            "value": -1245.7172133795966,
            "min": -8107.024297698346,
            "max": 276598.49939157174,
            "count": 144
        },
        "OldMPTagAgent.Step.mean": {
            "value": 1439471.0,
            "min": 9908.0,
            "max": 1439471.0,
            "count": 144
        },
        "OldMPTagAgent.Step.sum": {
            "value": 1439471.0,
            "min": 9908.0,
            "max": 1439471.0,
            "count": 144
        },
        "OldMPTagAgent.Policy.ExtrinsicValueEstimate.mean": {
            "value": -36.976802825927734,
            "min": -120.2585678100586,
            "max": -11.257980346679688,
            "count": 144
        },
        "OldMPTagAgent.Policy.ExtrinsicValueEstimate.sum": {
            "value": -813.4896850585938,
            "min": -32569.759765625,
            "max": -135.09576416015625,
            "count": 144
        },
        "OldMPTagAgent.Policy.CuriosityValueEstimate.mean": {
            "value": 0.5720106363296509,
            "min": 0.04462594538927078,
            "max": 1.7907021045684814,
            "count": 144
        },
        "OldMPTagAgent.Policy.CuriosityValueEstimate.sum": {
            "value": 12.584234237670898,
            "min": 3.6008667945861816,
            "max": 386.3087158203125,
            "count": 144
        },
        "OldMPTagAgent.Environment.CumulativeReward.mean": {
            "value": -24.625550301869712,
            "min": -208.01392449273004,
            "max": 69.08801015218098,
            "count": 144
        },
        "OldMPTagAgent.Environment.CumulativeReward.sum": {
            "value": -369.38325452804565,
            "min": -28998.06453704834,
            "max": 1645.2182579040527,
            "count": 144
        },
        "OldMPTagAgent.Policy.ExtrinsicReward.mean": {
            "value": -24.625550301869712,
            "min": -208.01392449273004,
            "max": 69.08801015218098,
            "count": 144
        },
        "OldMPTagAgent.Policy.ExtrinsicReward.sum": {
            "value": -369.38325452804565,
            "min": -28998.06453704834,
            "max": 1645.2182579040527,
            "count": 144
        },
        "OldMPTagAgent.Policy.CuriosityReward.mean": {
            "value": 0.268426137107114,
            "min": 0.0,
            "max": 1.2579453192966086,
            "count": 144
        },
        "OldMPTagAgent.Policy.CuriosityReward.sum": {
            "value": 4.02639205660671,
            "min": 0.0,
            "max": 357.2564706802368,
            "count": 144
        },
        "OldMPTagAgent.IsTraining.mean": {
            "value": 1.0,
            "min": 1.0,
            "max": 1.0,
            "count": 144
        },
        "OldMPTagAgent.IsTraining.sum": {
            "value": 1.0,
            "min": 1.0,
            "max": 1.0,
            "count": 144
        },
        "OldMPTagAgent.Losses.PolicyLoss.mean": {
            "value": 0.015558612078570554,
            "min": 0.009845405552672068,
            "max": 0.03337298294063658,
            "count": 69
        },
        "OldMPTagAgent.Losses.PolicyLoss.sum": {
            "value": 0.015558612078570554,
            "min": 0.009845405552672068,
            "max": 0.03337298294063658,
            "count": 69
        },
        "OldMPTagAgent.Losses.ValueLoss.mean": {
            "value": 353.078923119439,
            "min": 68.96040077209473,
            "max": 572.7332763671875,
            "count": 69
        },
        "OldMPTagAgent.Losses.ValueLoss.sum": {
            "value": 353.078923119439,
            "min": 68.96040077209473,
            "max": 572.7332763671875,
            "count": 69
        },
        "OldMPTagAgent.Policy.LearningRate.mean": {
            "value": 0.0003,
            "min": 0.0003,
            "max": 0.0003,
            "count": 69
        },
        "OldMPTagAgent.Policy.LearningRate.sum": {
            "value": 0.0003,
            "min": 0.0003,
            "max": 0.0003,
            "count": 69
        },
        "OldMPTagAgent.Policy.Epsilon.mean": {
            "value": 0.20000000000000004,
            "min": 0.20000000000000004,
            "max": 0.20000000000000007,
            "count": 69
        },
        "OldMPTagAgent.Policy.Epsilon.sum": {
            "value": 0.20000000000000004,
            "min": 0.20000000000000004,
            "max": 0.20000000000000007,
            "count": 69
        },
        "OldMPTagAgent.Policy.Beta.mean": {
            "value": 0.005000000000000001,
            "min": 0.005000000000000001,
            "max": 0.005000000000000001,
            "count": 69
        },
        "OldMPTagAgent.Policy.Beta.sum": {
            "value": 0.005000000000000001,
            "min": 0.005000000000000001,
            "max": 0.005000000000000001,
            "count": 69
        },
        "OldMPTagAgent.Losses.CuriosityForwardLoss.mean": {
            "value": 0.054666623576647706,
            "min": 0.0462712233265241,
            "max": 1.4365771651268004,
            "count": 69
        },
        "OldMPTagAgent.Losses.CuriosityForwardLoss.sum": {
            "value": 0.054666623576647706,
            "min": 0.0462712233265241,
            "max": 1.4365771651268004,
            "count": 69
        },
        "OldMPTagAgent.Losses.CuriosityInverseLoss.mean": {
            "value": 1.3804700010352664,
            "min": 1.3663349469502768,
            "max": 4.501030158996582,
            "count": 69
        },
        "OldMPTagAgent.Losses.CuriosityInverseLoss.sum": {
            "value": 1.3804700010352664,
            "min": 1.3663349469502768,
            "max": 4.501030158996582,
            "count": 69
        }
    },
    "metadata": {
        "timer_format_version": "0.1.0",
        "start_time_seconds": "1657096896",
        "python_version": "3.9.13 (tags/v3.9.13:6de2ca5, May 17 2022, 16:36:42) [MSC v.1929 64 bit (AMD64)]",
        "command_line_arguments": "C:\\app-projects\\18001179FYP\\venv\\Scripts\\mlagents-learn config\\tagAgent.yaml --run-id=TagAgent05 --initialize-from=TagAgent04 --force",
        "mlagents_version": "0.29.0",
        "mlagents_envs_version": "0.29.0",
        "communication_protocol_version": "1.5.0",
        "pytorch_version": "1.7.1+cu110",
        "numpy_version": "1.21.2",
        "end_time_seconds": "1657098529"
    },
    "total": 1632.9703885,
    "count": 1,
    "self": 0.008156799999824216,
    "children": {
        "run_training.setup": {
            "total": 0.26424610000000004,
            "count": 1,
            "self": 0.26424610000000004
        },
        "TrainerController.start_learning": {
            "total": 1632.6979856,
            "count": 1,
            "self": 1.1249331999820242,
            "children": {
                "TrainerController._reset_env": {
                    "total": 26.13895619999995,
                    "count": 15,