{
    "name": "root",
    "gauges": {
        "TagAgentPlus.Policy.Entropy.mean": {
            "value": 0.9168729782104492,
            "min": 0.9117310047149658,
            "max": 1.0345863103866577,
            "count": 573
        },
        "TagAgentPlus.Policy.Entropy.sum": {
            "value": 8985.35546875,
            "min": 8934.9638671875,
            "max": 11230.66796875,
            "count": 573
        },
        "TagAgentPlus.Environment.EpisodeLength.mean": {
            "value": 199.0,
            "min": 178.17543859649123,
            "max": 199.0,
            "count": 573
        },
        "TagAgentPlus.Environment.EpisodeLength.sum": {
            "value": 9751.0,
            "min": 9240.0,
            "max": 13134.0,
            "count": 573
        },
        "TagAgentPlus.Step.mean": {
            "value": 17919894.0,
            "min": 12199815.0,
            "max": 17919894.0,
            "count": 573
        },
        "TagAgentPlus.Step.sum": {
            "value": 17919894.0,
            "min": 12199815.0,
            "max": 17919894.0,
            "count": 573
        },
        "TagAgentPlus.Policy.ExtrinsicValueEstimate.mean": {
            "value": 251.65492248535156,
            "min": 99.37154388427734,
            "max": 259.7285461425781,
            "count": 573
        },
        "TagAgentPlus.Policy.ExtrinsicValueEstimate.sum": {
            "value": 12582.74609375,
            "min": 1345.4375,
            "max": 13031.431640625,
            "count": 573
        },
        "TagAgentPlus.Policy.CuriosityValueEstimate.mean": {
            "value": 0.10940198600292206,
            "min": -0.04309260845184326,
            "max": 0.22640767693519592,
            "count": 573
        },
        "TagAgentPlus.Policy.CuriosityValueEstimate.sum": {
            "value": 5.470099449157715,
            "min": -2.154630422592163,
            "max": 12.38490104675293,
            "count": 573
        },
        "TagAgentPlus.Environment.CumulativeReward.mean": {
            "value": 426.89316009521485,
            "min": 77.54566427377554,
            "max": 438.8320074462891,
            "count": 573
        },
        "TagAgentPlus.Environment.CumulativeReward.sum": {
            "value": 21344.658004760742,
            "min": 1123.6491470336914,
            "max": 21941.600372314453,
            "count": 573
        },
        "TagAgentPlus.Policy.ExtrinsicReward.mean": {
            "value": 426.89316009521485,
            "min": 77.54566427377554,
            "max": 438.8320074462891,
            "count": 573
        },
        "TagAgentPlus.Policy.ExtrinsicReward.sum": {
            "value": 21344.658004760742,
            "min": 1123.6491470336914,
            "max": 21941.600372314453,
            "count": 573
        },
        "TagAgentPlus.Policy.CuriosityReward.mean": {
            "value": 0.2756113010644913,
            "min": 0.0,
            "max": 0.6965309243935806,
            "count": 573
        },
        "TagAgentPlus.Policy.CuriosityReward.sum": {
            "value": 13.780565053224564,
            "min": 0.0,
            "max": 36.21960806846619,
            "count": 573
        },
        "TagAgentPlus.IsTraining.mean": {
            "value": 1.0,
            "min": 1.0,
            "max": 1.0,
            "count": 573
        },
        "TagAgentPlus.IsTraining.sum": {
            "value": 1.0,
            "min": 1.0,
            "max": 1.0,
            "count": 573
        },
        "TagAgentPlus.Losses.PolicyLoss.mean": {
            "value": 0.015845108883998666,
            "min": 0.011014777476278444,
            "max": 0.023931553882236282,
            "count": 274
        },
        "TagAgentPlus.Losses.PolicyLoss.sum": {
            "value": 0.015845108883998666,
            "min": 0.011014777476278444,
            "max": 0.023931553882236282,
            "count": 274
        },
        "TagAgentPlus.Losses.ValueLoss.mean": {
            "value": 96.09780858357747,
            "min": 76.7667901357015,
            "max": 315.89717864990234,
            "count": 274
        },
        "TagAgentPlus.Losses.ValueLoss.sum": {
            "value": 96.09780858357747,
            "min": 76.7667901357015,
            "max": 315.89717864990234,
            "count": 274
        },
        "TagAgentPlus.Policy.LearningRate.mean": {
            "value": 0.0003,
            "min": 0.0003,
            "max": 0.0003,
            "count": 274
        },
        "TagAgentPlus.Policy.LearningRate.sum": {
            "value": 0.0003,
            "min": 0.0003,
            "max": 0.0003,
            "count": 274
        },
        "TagAgentPlus.Policy.Epsilon.mean": {
            "value": 0.20000000000000007,
            "min": 0.2,
            "max": 0.20000000000000007,
            "count": 274
        },
        "TagAgentPlus.Policy.Epsilon.sum": {
            "value": 0.20000000000000007,
            "min": 0.2,
            "max": 0.20000000000000007,
            "count": 274
        },
        "TagAgentPlus.Policy.Beta.mean": {
            "value": 0.005000000000000001,
            "min": 0.005,
            "max": 0.005000000000000001,
            "count": 274
        },
        "TagAgentPlus.Policy.Beta.sum": {
            "value": 0.005000000000000001,
            "min": 0.005,
            "max": 0.005000000000000001,
            "count": 274
        },
        "TagAgentPlus.Losses.CuriosityForwardLoss.mean": {
            "value": 0.07287879611055056,
            "min": 0.06544415876269341,
            "max": 0.1263357257613769,
            "count": 274
        },
        "TagAgentPlus.Losses.CuriosityForwardLoss.sum": {
            "value": 0.07287879611055056,
            "min": 0.06544415876269341,
            "max": 0.1263357257613769,
            "count": 274
        },
        "TagAgentPlus.Losses.CuriosityInverseLoss.mean": {
            "value": 1.6993332982063294,
            "min": 1.5746658126513162,
            "max": 2.247328657370347,
            "count": 274
        },
        "TagAgentPlus.Losses.CuriosityInverseLoss.sum": {
            "value": 1.6993332982063294,
            "min": 1.5746658126513162,
            "max": 2.247328657370347,
            "count": 274
        }
    },
    "metadata": {
        "timer_format_version": "0.1.0",
        "start_time_seconds": "1657019571",
        "python_version": "3.9.13 (tags/v3.9.13:6de2ca5, May 17 2022, 16:36:42) [MSC v.1929 64 bit (AMD64)]",
        "command_line_arguments": "C:\\app-projects\\18001179FYP\\venv\\Scripts\\mlagents-learn config\\tagAgent.yaml --run-id=TagAgent02 --resume",
        "mlagents_version": "0.29.0",
        "mlagents_envs_version": "0.29.0",
        "communication_protocol_version": "1.5.0",
        "pytorch_version": "1.7.1+cu110",
        "numpy_version": "1.21.2",
        "end_time_seconds": "1657027966"
    },
    "total": 8394.810518,
    "count": 1,
    "self": 10.01652390000163,
    "children": {
        "run_training.setup": {
            "total": 0.2545913000000002,
            "count": 1,
            "self": 0.2545913000000002
        },
        "TrainerController.start_learning": {
            "total": 8384.5394028,
            "count": 1,
            "self": 3.1901526999772614,
            "children": {
                "TrainerController._reset_env": {
                    "total": 18.9989204,
                    "count": 1,
                    "self": 18.9989204
                },
                "TrainerController.advance": {
                    "total": 8362.109280000022,
                    "count": 135229,
                    "self": 3.3271414001646917,
                    "children": {
                        "env_step": {
                            "total": 1955.7462942999346,
                            "count": 135229,
                            "self": 1597.2685191999292,