{
    "name": "root",
    "gauges": {
        "TagAgent.Policy.Entropy.mean": {
            "value": 1.7859289646148682,
            "min": 1.7859289646148682,
            "max": 2.706808090209961,
            "count": 15
        },
        "TagAgent.Policy.Entropy.sum": {
            "value": 17680.697265625,
            "min": 17680.697265625,
            "max": 29030.515625,
            "count": 15
        },
        "TagAgent.Environment.EpisodeLength.mean": {
            "value": 146.231884057971,
            "min": 85.78217821782178,
            "max": 162.5483870967742,
            "count": 15
        },
        "TagAgent.Environment.EpisodeLength.sum": {
            "value": 10090.0,
            "min": 8664.0,
            "max": 10383.0,
            "count": 15
        },
        "TagAgent.Step.mean": {
            "value": 149954.0,
            "min": 9981.0,
            "max": 149954.0,
            "count": 15
        },
        "TagAgent.Step.sum": {
            "value": 149954.0,
            "min": 9981.0,
            "max": 149954.0,
            "count": 15
        },
        "TagAgent.Policy.ExtrinsicValueEstimate.mean": {
            "value": -39.56391525268555,
            "min": -57.37456512451172,
            "max": -37.74455261230469,
            "count": 15
        },
        "TagAgent.Policy.ExtrinsicValueEstimate.sum": {
            "value": -8071.0390625,
            "min": -11712.79296875,
            "max": -7586.6552734375,
            "count": 15
        },
        "TagAgent.Environment.CumulativeReward.mean": {
            "value": -81.34948089502859,
            "min": -102.76391903539695,
            "max": -73.89845945854341,
            "count": 15
        },
        "TagAgent.Environment.CumulativeReward.sum": {
            "value": -5613.114181756973,
            "min": -10379.155822575092,
            "max": -4581.704486429691,
            "count": 15
        },
        "TagAgent.Policy.ExtrinsicReward.mean": {
            "value": -81.34948089502859,
            "min": -102.76391903539695,
            "max": -73.89845945854341,
            "count": 15
        },
        "TagAgent.Policy.ExtrinsicReward.sum": {
            "value": -5613.114181756973,
            "min": -10379.155822575092,
            "max": -4581.704486429691,
            "count": 15
        },
        "TagAgent.Losses.PolicyLoss.mean": {
            "value": 0.24838191672625265,
            "min": 0.2329575626817877,
            "max": 0.24838191672625265,
            "count": 15
        },
        "TagAgent.Losses.PolicyLoss.sum": {
            "value": 16.641588420658927,
            "min": 15.828064210172961,
            "max": 17.504334307118093,
            "count": 15
        },
        "TagAgent.Losses.ValueLoss.mean": {
            "value": 63.18603034419923,
            "min": 37.758375210317006,
            "max": 386.2417193125484,
            "count": 15
        },
        "TagAgent.Losses.ValueLoss.sum": {
            "value": 4233.464033061348,
            "min": 2567.5695143015564,
            "max": 24719.4700360031,
            "count": 15
        },
        "TagAgent.Policy.LearningRate.mean": {
            "value": 0.00021298393646805076,
            "min": 0.00021298393646805076,
            "max": 0.0002967272917159031,
            "count": 15
        },
        "TagAgent.Policy.LearningRate.sum": {
            "value": 0.0142699237433594,
            "min": 0.0142699237433594,
            "max": 0.020078080407306593,
            "count": 15
        },
        "TagAgent.Policy.Epsilon.mean": {
            "value": 0.17099463582089555,
            "min": 0.17099463582089555,
            "max": 0.19890909687500002,
            "count": 15
        },
        "TagAgent.Policy.Epsilon.sum": {
            "value": 11.456640600000002,
            "min": 11.200241,
            "max": 13.704392800000003,
            "count": 15
        },
        "TagAgent.Policy.Beta.mean": {
            "value": 0.0005,
            "min": 0.0005,
            "max": 0.0005,
            "count": 15
        },
        "TagAgent.Policy.Beta.sum": {
            "value": 0.0335,
            "min": 0.032,
            "max": 0.036000000000000004,
            "count": 15
        },
        "TagAgent.IsTraining.mean": {
            "value": 1.0,
            "min": 1.0,
            "max": 1.0,
            "count": 15
        },
        "TagAgent.IsTraining.sum": {
            "value": 1.0,
            "min": 1.0,
            "max": 1.0,
            "count": 15
        }
    },
    "metadata": {
        "timer_format_version": "0.1.0",
        "start_time_seconds": "1655994369",
        "python_version": "3.9.13 (tags/v3.9.13:6de2ca5, May 17 2022, 16:36:42) [MSC v.1929 64 bit (AMD64)]",
        "command_line_arguments": "C:\\app-projects\\18001179FYP\\venv\\Scripts\\mlagents-learn config/tagAgent.yaml --run-id=TagTest02 --force",
        "mlagents_version": "0.29.0",
        "mlagents_envs_version": "0.29.0",
        "communication_protocol_version": "1.5.0",
        "pytorch_version": "1.7.1+cu110",
        "numpy_version": "1.21.2",
        "end_time_seconds": "1655996312"
    },
    "total": 1943.6168136000001,
    "count": 1,
    "self": 0.023069600000098944,
    "children": {
        "run_training.setup": {
            "total": 0.3660941,
            "count": 1,
            "self": 0.3660941
        },
        "TrainerController.start_learning": {
            "total": 1943.2276499,
            "count": 1,
            "self": 0.19583130000137317,
            "children": {
                "TrainerController._reset_env": {
                    "total": 23.163484099999998,
                    "count": 1,
                    "self": 23.163484099999998
                },
                "TrainerController.advance": {
                    "total": 1919.1342037999987,
                    "count": 6908,
                    "self": 0.20705649999194975,
                    "children": {
                        "env_step": {
                            "total": 851.2504355000037,
                            "count": 6908,
                            "self": 769.6079419000015,
                            "children": {
                                "SubprocessEnvManager._take_step": {
                                    "total": 81.54278080000157,
                                    "count": 6908,
                                    "self": 0.6988283000011251,
                                    "children": {
                                        "TorchPolicy.evaluate": {
                                            "total": 80.84395250000044,
                                            "count": 6091,
                                            "self": 33.31656039999935,
                                            "children": {
                                                "TorchPolicy.sample_actions": {
                                                    "total": 47.527392100001094,
                                                    "count": 6091,
                                                    "self": 47.527392100001094
                                                }
                                            }
                                        }
                                    }
                                },
                                "workers": {
                                    "total": 0.0997128000006633,
                                    "count": 6907,
                                    "self": 0.0,
                                    "children": {
                                        "worker_root": {
                                            "total": 1273.7576368999935,
                                            "count": 6907,
                                            "is_parallel": true,
                                            "self": 1168.3381903999987,