{
    "name": "root",
    "gauges": {
        "MoveToGoal.Policy.Entropy.mean": {
            "value": 1.2272844314575195,
            "min": 1.2272844314575195,
            "max": 1.417061686515808,
            "count": 6
        },
        "MoveToGoal.Policy.Entropy.sum": {
            "value": 12272.84375,
            "min": 12272.84375,
            "max": 14595.7353515625,
            "count": 6
        },
        "MoveToGoal.Environment.EpisodeLength.mean": {
            "value": 4.065856129685917,
            "min": 3.8205499276410997,
            "max": 37.07604562737642,
            "count": 6
        },
        "MoveToGoal.Environment.EpisodeLength.sum": {
            "value": 8026.0,
            "min": 7920.0,
            "max": 9751.0,
            "count": 6
        },
        "MoveToGoal.Step.mean": {
            "value": 59996.0,
            "min": 9968.0,
            "max": 59996.0,
            "count": 6
        },
        "MoveToGoal.Step.sum": {
            "value": 59996.0,
            "min": 9968.0,
            "max": 59996.0,
            "count": 6
        },
        "MoveToGoal.Policy.ExtrinsicValueEstimate.mean": {
            "value": 0.9689778685569763,
            "min": 0.26573997735977173,
            "max": 0.972801148891449,
            "count": 6
        },
        "MoveToGoal.Policy.ExtrinsicValueEstimate.sum": {
            "value": 1919.545166015625,
            "min": 84.50531005859375,
            "max": 2020.5079345703125,
            "count": 6
        },
        "MoveToGoal.Environment.CumulativeReward.mean": {
            "value": 0.9944275582573455,
            "min": 0.32061068702290074,
            "max": 0.9944275582573455,
            "count": 6
        },
        "MoveToGoal.Environment.CumulativeReward.sum": {
            "value": 1963.0,
            "min": 84.0,
            "max": 2056.0,
            "count": 6
        },
        "MoveToGoal.Policy.ExtrinsicReward.mean": {
            "value": 0.9944275582573455,
            "min": 0.32061068702290074,
            "max": 0.9944275582573455,
            "count": 6
        },
        "MoveToGoal.Policy.ExtrinsicReward.sum": {
            "value": 1963.0,
            "min": 84.0,
            "max": 2056.0,
            "count": 6
        },
        "MoveToGoal.Losses.PolicyLoss.mean": {
            "value": 0.24148604838069726,
            "min": 0.23595012687797814,
            "max": 0.24797842810091275,
            "count": 6
        },
        "MoveToGoal.Losses.PolicyLoss.sum": {
            "value": 22.458202499404845,
            "min": 19.83827424807302,
            "max": 22.86740110571796,
            "count": 6
        },
        "MoveToGoal.Losses.ValueLoss.mean": {
            "value": 0.012438787576782198,
            "min": 0.012438787576782198,
            "max": 0.10800189950102253,
            "count": 6
        },
        "MoveToGoal.Losses.ValueLoss.sum": {
            "value": 1.1568072446407445,
            "min": 1.1568072446407445,
            "max": 9.612169055591005,
            "count": 6
        },
        "MoveToGoal.Policy.LearningRate.mean": {
            "value": 0.00026701053357713764,
            "min": 0.00026701053357713764,
            "max": 0.000296938336020555,
            "count": 6
        },
        "MoveToGoal.Policy.LearningRate.sum": {
            "value": 0.0248319796226738,
            "min": 0.023755066881644398,
            "max": 0.026216571461143,
            "count": 6
        },
        "MoveToGoal.Policy.Epsilon.mean": {
            "value": 0.1890035075268817,
            "min": 0.1890035075268817,
            "max": 0.19897944500000003,
            "count": 6
        },
        "MoveToGoal.Policy.Epsilon.sum": {
            "value": 17.577326199999998,
            "min": 15.918355600000002,
            "max": 17.953873800000004,
            "count": 6
        },
        "MoveToGoal.Policy.Beta.mean": {
            "value": 0.0005000000000000001,
            "min": 0.0005000000000000001,
            "max": 0.0005000000000000001,
            "count": 6
        },
        "MoveToGoal.Policy.Beta.sum": {
            "value": 0.046500000000000014,
            "min": 0.04000000000000001,
            "max": 0.047000000000000014,
            "count": 6
        },
        "MoveToGoal.IsTraining.mean": {
            "value": 1.0,
            "min": 1.0,
            "max": 1.0,
            "count": 6
        },
        "MoveToGoal.IsTraining.sum": {
            "value": 1.0,
            "min": 1.0,
            "max": 1.0,
            "count": 6
        }
    },
    "metadata": {
        "timer_format_version": "0.1.0",
        "start_time_seconds": "1655285471",
        "python_version": "3.9.13 (tags/v3.9.13:6de2ca5, May 17 2022, 16:36:42) [MSC v.1929 64 bit (AMD64)]",
        "command_line_arguments": "C:\\app-projects\\18001179FYP\\venv\\Scripts\\mlagents-learn config/moveToGoal.yaml --run-id=TestParameters --force",
        "mlagents_version": "0.29.0",
        "mlagents_envs_version": "0.29.0",
        "communication_protocol_version": "1.5.0",
        "pytorch_version": "1.7.1+cu110",
        "numpy_version": "1.21.2",
        "end_time_seconds": "1655285909"
    },
    "total": 438.5790839,
    "count": 1,
    "self": 0.01225019999998267,
    "children": {
        "run_training.setup": {
            "total": 0.23525550000000006,
            "count": 1,
            "self": 0.23525550000000006
        },
        "TrainerController.start_learning": {
            "total": 438.3315782,
            "count": 1,
            "self": 0.2196843000001536,
            "children": {
                "TrainerController._reset_env": {
                    "total": 11.5570197,
                    "count": 1,
                    "self": 11.5570197
                },
                "TrainerController.advance": {
                    "total": 425.93631669999985,
                    "count": 6917,
                    "self": 0.18299830000051998,
                    "children": {
                        "env_step": {
                            "total": 58.93154419999811,
                            "count": 6917,
                            "self": 52.91737900000196,
                            "children": {
                                "SubprocessEnvManager._take_step": {
                                    "total": 5.901485199998133,
                                    "count": 6917,
                                    "self": 0.3030480999979286,
                                    "children": {
                                        "TorchPolicy.evaluate": {
                                            "total": 5.598437100000204,
                                            "count": 2467,
                                            "self": 1.3643384999994161,
                                            "children": {
                                                "TorchPolicy.sample_actions": {
                                                    "total": 4.234098600000788,
                                                    "count": 2467,
                                                    "self": 4.234098600000788
                                                }
                                            }
                                        }
                                    }
                                },
                                "workers": {
                                    "total": 0.11267999999801859,
                                    "count": 6916,
                                    "self": 0.0,
                                    "children": {
                                        "worker_root": {
                                            "total": 416.44051709999934,
                                            "count": 6916,
                                            "is_parallel": true,
                                            "self": 387.1108598000007,