{
    "name": "root",
    "gauges": {
        "TagAgent.Policy.Entropy.mean": {
            "value": 1.388275146484375,
            "min": 1.388275146484375,
            "max": 2.708223342895508,
            "count": 50
        },
        "TagAgent.Policy.Entropy.sum": {
            "value": 13809.1728515625,
            "min": 13809.1728515625,
            "max": 30787.083984375,
            "count": 50
        },
        "TagAgent.Environment.EpisodeLength.mean": {
            "value": 192.78,
            "min": 48.02272727272727,
            "max": 199.0,
            "count": 50
        },
        "TagAgent.Environment.EpisodeLength.sum": {
            "value": 9639.0,
            "min": 8452.0,
            "max": 10547.0,
            "count": 50
        },
        "TagAgent.Step.mean": {
            "value": 499961.0,
            "min": 9972.0,
            "max": 499961.0,
            "count": 50
        },
        "TagAgent.Step.sum": {
            "value": 499961.0,
            "min": 9972.0,
            "max": 499961.0,
            "count": 50
        },
        "TagAgent.Policy.ExtrinsicValueEstimate.mean": {
            "value": -3.898496389389038,
            "min": -61.72452163696289,
            "max": -3.4555470943450928,
            "count": 50
        },
        "TagAgent.Policy.ExtrinsicValueEstimate.sum": {
            "value": -779.6992797851562,
            "min": -15616.3037109375,
            "max": -687.6538696289062,
            "count": 50
        },
        "TagAgent.Environment.CumulativeReward.mean": {
            "value": -11.675974644720554,
            "min": -100.83954264240509,
            "max": -6.996200004554525,
            "count": 50
        },
        "TagAgent.Environment.CumulativeReward.sum": {
            "value": -583.7987322360277,
            "min": -17747.759505063295,
            "max": -342.8138002231717,
            "count": 50
        },
        "TagAgent.Policy.ExtrinsicReward.mean": {
            "value": -11.675974644720554,
            "min": -100.83954264240509,
            "max": -6.996200004554525,
            "count": 50
        },
        "TagAgent.Policy.ExtrinsicReward.sum": {
            "value": -583.7987322360277,
            "min": -17747.759505063295,
            "max": -342.8138002231717,
            "count": 50
        },
        "TagAgent.Losses.PolicyLoss.mean": {
            "value": 0.2462572953806516,
            "min": 0.23920358335823905,
            "max": 0.25420643018568306,
            "count": 50
        },
        "TagAgent.Losses.PolicyLoss.sum": {
            "value": 13.051636655174535,
            "min": 12.741062616287369,
            "max": 16.15039754082665,
            "count": 50
        },
        "TagAgent.Losses.ValueLoss.mean": {
            "value": 22.977464872340484,
            "min": 0.7246570357249574,
            "max": 467.4088235653709,
            "count": 50
        },
        "TagAgent.Losses.ValueLoss.sum": {
            "value": 1217.8056382340455,
            "min": 38.40682289342274,
            "max": 26174.89411966077,
            "count": 50
        },
        "TagAgent.Policy.LearningRate.mean": {
            "value": 3.0130159768264155e-06,
            "min": 3.0130159768264155e-06,
            "max": 0.00029677249393297855,
            "count": 50
        },
        "TagAgent.Policy.LearningRate.sum": {
            "value": 0.00015968984677180003,
            "min": 0.00015968984677180003,
            "max": 0.018805764931411798,
            "count": 50
        },
        "TagAgent.Policy.Epsilon.mean": {
            "value": 0.10100430566037737,
            "min": 0.10100430566037737,
            "max": 0.1989241642857143,
            "count": 50
        },
        "TagAgent.Policy.Epsilon.sum": {
            "value": 5.3532282,
            "min": 5.3532282,
            "max": 12.868588200000001,
            "count": 50
        },
        "TagAgent.Policy.Beta.mean": {
            "value": 0.0005,
            "min": 0.0005,
            "max": 0.0005000000000000001,
            "count": 50
        },
        "TagAgent.Policy.Beta.sum": {
            "value": 0.026500000000000003,
            "min": 0.026000000000000002,
            "max": 0.033,
            "count": 50
        },
        "TagAgent.IsTraining.mean": {
            "value": 1.0,
            "min": 1.0,
            "max": 1.0,
            "count": 50
        },
        "TagAgent.IsTraining.sum": {
            "value": 1.0,
            "min": 1.0,
            "max": 1.0,
            "count": 50
        }
    },
    "metadata": {
        "timer_format_version": "0.1.0",
        "start_time_seconds": "1656001560",
        "python_version": "3.9.13 (tags/v3.9.13:6de2ca5, May 17 2022, 16:36:42) [MSC v.1929 64 bit (AMD64)]",
        "command_line_arguments": "C:\\app-projects\\18001179FYP\\venv\\Scripts\\mlagents-learn config/tagAgent.yaml --run-id=TagTest03 --force",
        "mlagents_version": "0.29.0",
        "mlagents_envs_version": "0.29.0",
        "communication_protocol_version": "1.5.0",
        "pytorch_version": "1.7.1+cu110",
        "numpy_version": "1.21.2",
        "end_time_seconds": "1656004378"
    },
    "total": 2818.4958514,
    "count": 1,
    "self": 0.02549550000048839,
    "children": {
        "run_training.setup": {
            "total": 0.25094130000000003,
            "count": 1,
            "self": 0.25094130000000003
        },
        "TrainerController.start_learning": {
            "total": 2818.2194145999997,
            "count": 1,
            "self": 0.32925919997751407,
            "children": {
                "TrainerController._reset_env": {
                    "total": 11.8324444,
                    "count": 1,
                    "self": 11.8324444
                },
                "TrainerController.advance": {
                    "total": 2805.944970700022,
                    "count": 12058,
                    "self": 0.2781663000532717,
                    "children": {
                        "env_step": {
                            "total": 179.3838766999828,
                            "count": 12058,
                            "self": 123.02274169996888,
                            "children": {
                                "SubprocessEnvManager._take_step": {
                                    "total": 56.19949860000644,
                                    "count": 12058,
                                    "self": 1.0185812999985657,
                                    "children": {
                                        "TorchPolicy.evaluate": {
                                            "total": 55.18091730000788,
                                            "count": 10236,
                                            "self": 10.69929990000034,
                                            "children": {
                                                "TorchPolicy.sample_actions": {
                                                    "total": 44.481617400007536,
                                                    "count": 10236,
                                                    "self": 44.481617400007536
                                                }
                                            }
                                        }
                                    }
                                },
                                "workers": {
                                    "total": 0.16163640000748636,
                                    "count": 12058,
                                    "self": 0.0,
                                    "children": {
                                        "worker_root": {
                                            "total": 2809.5838762000017,
                                            "count": 12058,
                                            "is_parallel": true,
                                            "self": 2715.5835917999925,