{
    "name": "root",
    "gauges": {
        "MPTagAgent.Policy.Entropy.mean": {
            "value": 2.698704957962036,
            "min": 2.662750005722046,
            "max": 2.803785800933838,
            "count": 41
        },
        "MPTagAgent.Policy.Entropy.sum": {
            "value": 62070.21484375,
            "min": 50419.0546875,
            "max": 69671.5625,
            "count": 41
        },
        "MPTagAgent.Environment.EpisodeLength.mean": {
            "value": 163.76724137931035,
            "min": 142.95774647887325,
            "max": 185.1851851851852,
            "count": 41
        },
        "MPTagAgent.Environment.EpisodeLength.sum": {
            "value": 18997.0,
            "min": 18694.0,
            "max": 20931.0,
            "count": 41
        },
        "MPTagAgent.Self-play.ELO.mean": {
            "value": 1042.653101806313,
            "min": 1042.653101806313,
            "max": 1192.7333327632714,
            "count": 41
        },
        "MPTagAgent.Self-play.ELO.sum": {
            "value": 13554.49032348207,
            "min": 6300.279775317334,
            "max": 54865.73330711048,
            "count": 41
        },
        "MPTagAgent.Step.mean": {
            "value": 409929.0,
            "min": 9976.0,
            "max": 409929.0,
            "count": 41
        },
        "MPTagAgent.Step.sum": {
            "value": 409929.0,
            "min": 9976.0,
            "max": 409929.0,
            "count": 41
        },
        "MPTagAgent.Policy.ExtrinsicValueEstimate.mean": {
            "value": 27.752336502075195,
            "min": 0.03438054770231247,
            "max": 75.56857299804688,
            "count": 41
        },
        "MPTagAgent.Policy.ExtrinsicValueEstimate.sum": {
            "value": 1526.3785400390625,
            "min": 2.200355052947998,
            "max": 4243.5048828125,
            "count": 41
        },
        "MPTagAgent.Policy.CuriosityValueEstimate.mean": {
            "value": 1.943206787109375,
            "min": -0.07816025614738464,
            "max": 8.35876178741455,
            "count": 41
        },
        "MPTagAgent.Policy.CuriosityValueEstimate.sum": {
            "value": 106.87637329101562,
            "min": -5.627538681030273,
            "max": 518.2432250976562,
            "count": 41
        },
        "MPTagAgent.Environment.CumulativeReward.mean": {
            "value": 232.73626993352715,
            "min": -26.243125578936407,
            "max": 282.6895089149475,
            "count": 41
        },
        "MPTagAgent.Environment.CumulativeReward.sum": {
            "value": 12800.494846343994,
            "min": -1784.5325393676758,
            "max": 15830.61249923706,
            "count": 41
        },
        "MPTagAgent.Policy.ExtrinsicReward.mean": {
            "value": 232.73626993352715,
            "min": -26.243125578936407,
            "max": 282.6895089149475,
            "count": 41
        },
        "MPTagAgent.Policy.ExtrinsicReward.sum": {
            "value": 12800.494846343994,
            "min": -1784.5325393676758,
            "max": 15830.61249923706,
            "count": 41
        },
        "MPTagAgent.Policy.CuriosityReward.mean": {
            "value": 1.3163004398345948,
            "min": 0.0,
            "max": 81.97850557963054,
            "count": 41
        },
        "MPTagAgent.Policy.CuriosityReward.sum": {
            "value": 72.39652419090271,
            "min": 0.0,
            "max": 4918.710334777832,
            "count": 41
        },
        "MPTagAgent.IsTraining.mean": {
            "value": 1.0,
            "min": 1.0,
            "max": 1.0,
            "count": 41
        },
        "MPTagAgent.IsTraining.sum": {
            "value": 1.0,
            "min": 1.0,
            "max": 1.0,
            "count": 41
        },
        "MPTagAgent.Losses.PolicyLoss.mean": {
            "value": 0.017344078002497553,
            "min": 0.010887000702011089,
            "max": 0.021950079000089318,
            "count": 19
        },
        "MPTagAgent.Losses.PolicyLoss.sum": {
            "value": 0.017344078002497553,
            "min": 0.010887000702011089,
            "max": 0.021950079000089318,
            "count": 19
        },
        "MPTagAgent.Losses.ValueLoss.mean": {
            "value": 102.77517623901367,
            "min": 100.97950922648111,
            "max": 625.6147939046224,
            "count": 19
        },
        "MPTagAgent.Losses.ValueLoss.sum": {
            "value": 102.77517623901367,
            "min": 100.97950922648111,
            "max": 625.6147939046224,
            "count": 19
        },
        "MPTagAgent.Policy.LearningRate.mean": {
            "value": 0.0003,
            "min": 0.0003,
            "max": 0.0003,
            "count": 19
        },
        "MPTagAgent.Policy.LearningRate.sum": {
            "value": 0.0003,
            "min": 0.0003,
            "max": 0.0003,
            "count": 19
        },
        "MPTagAgent.Policy.Epsilon.mean": {
            "value": 0.20000000000000007,
            "min": 0.20000000000000007,
            "max": 0.20000000000000007,
            "count": 19
        },
        "MPTagAgent.Policy.Epsilon.sum": {
            "value": 0.20000000000000007,
            "min": 0.20000000000000007,
            "max": 0.20000000000000007,
            "count": 19
        },
        "MPTagAgent.Policy.Beta.mean": {
            "value": 0.005000000000000001,
            "min": 0.005000000000000001,
            "max": 0.005000000000000001,
            "count": 19
        },
        "MPTagAgent.Policy.Beta.sum": {
            "value": 0.005000000000000001,
            "min": 0.005000000000000001,
            "max": 0.005000000000000001,
            "count": 19
        },
        "MPTagAgent.Losses.CuriosityForwardLoss.mean": {
            "value": 0.358248175183932,
            "min": 0.358248175183932,
            "max": 88.66480967203776,
            "count": 19
        },
        "MPTagAgent.Losses.CuriosityForwardLoss.sum": {
            "value": 0.358248175183932,
            "min": 0.358248175183932,
            "max": 88.66480967203776,
            "count": 19
        },
        "MPTagAgent.Losses.CuriosityInverseLoss.mean": {
            "value": 5.231631803512573,
            "min": 5.231631803512573,
            "max": 6.291961288452148,
            "count": 19
        },
        "MPTagAgent.Losses.CuriosityInverseLoss.sum": {
            "value": 5.231631803512573,
            "min": 5.231631803512573,
            "max": 6.291961288452148,
            "count": 19
        }
    },
    "metadata": {
        "timer_format_version": "0.1.0",
        "start_time_seconds": "1655985882",
        "python_version": "3.9.13 (tags/v3.9.13:6de2ca5, May 17 2022, 16:36:42) [MSC v.1929 64 bit (AMD64)]",
        "command_line_arguments": "C:\\app-projects\\18001179FYP\\venv\\Scripts\\mlagents-learn config/tagAgent.yaml --run-id=TagTest01 --force",
        "mlagents_version": "0.29.0",
        "mlagents_envs_version": "0.29.0",
        "communication_protocol_version": "1.5.0",
        "pytorch_version": "1.7.1+cu110",
        "numpy_version": "1.21.2",
        "end_time_seconds": "1655986898"
    },
    "total": 1016.0053533,
    "count": 1,
    "self": 0.013123300000074778,
    "children": {
        "run_training.setup": {
            "total": 0.2940801000000002,
            "count": 1,
            "self": 0.2940801000000002
        },
        "TrainerController.start_learning": {
            "total": 1015.6981499,
            "count": 1,
            "self": 0.567989299997862,
            "children": {
                "TrainerController._reset_env": {
                    "total": 15.759420699999968,
                    "count": 5,
                    "self": 15.759420699999968
                },
                "TrainerController.advance": {
                    "total": 998.3200472000023,
                    "count": 19664,