{
    "name": "root",
    "gauges": {
        "TagAgent.Policy.Entropy.mean": {
            "value": -0.9882610440254211,
            "min": -0.9882610440254211,
            "max": 1.4019889831542969,
            "count": 294
        },
        "TagAgent.Policy.Entropy.sum": {
            "value": -9733.3828125,
            "min": -9733.3828125,
            "max": 17865.359375,
            "count": 294
        },
        "TagAgent.Step.mean": {
            "value": 3439966.0,
            "min": 509941.0,
            "max": 3439966.0,
            "count": 294
        },
        "TagAgent.Step.sum": {
            "value": 3439966.0,
            "min": 509941.0,
            "max": 3439966.0,
            "count": 294
        },
        "TagAgent.Policy.ExtrinsicValueEstimate.mean": {
            "value": -7.72902250289917,
            "min": -17.56134033203125,
            "max": 1.529584527015686,
            "count": 294
        },
        "TagAgent.Policy.ExtrinsicValueEstimate.sum": {
            "value": -1530.346435546875,
            "min": -3516.74560546875,
            "max": 305.9169006347656,
            "count": 294
        },
        "TagAgent.Losses.PolicyLoss.mean": {
            "value": 0.2439435198045174,
            "min": 0.2155943571950363,
            "max": 0.2546609588139804,
            "count": 294
        },
        "TagAgent.Losses.PolicyLoss.sum": {
            "value": 13.660837109052974,
            "min": 0.8623774287801452,
            "max": 16.051995251646407,
            "count": 294
        },
        "TagAgent.Losses.ValueLoss.mean": {
            "value": 2.9553503694580945,
            "min": 0.03257142129860486,
            "max": 51.16020995890717,
            "count": 294
        },
        "TagAgent.Losses.ValueLoss.sum": {
            "value": 165.49962068965328,
            "min": 1.7914281714232672,
            "max": 2570.2754593018453,
            "count": 294
        },
        "TagAgent.Policy.LearningRate.mean": {
            "value": 0.0002793891408345743,
            "min": 0.0002793891408345743,
            "max": 0.000296956927014358,
            "count": 294
        },
        "TagAgent.Policy.LearningRate.sum": {
            "value": 0.015645791886736163,
            "min": 0.001187827708057432,
            "max": 0.018682929674356863,
            "count": 294
        },
        "TagAgent.Policy.Epsilon.mean": {
            "value": 0.19312971132142856,
            "min": 0.19312971132142856,
            "max": 0.19898564199999996,
            "count": 294
        },
        "TagAgent.Policy.Epsilon.sum": {
            "value": 10.815263834,
            "min": 0.7959425679999999,
            "max": 12.727643134000003,
            "count": 294
        },
        "TagAgent.Policy.Beta.mean": {
            "value": 0.0005,
            "min": 0.0005,
            "max": 0.0005000000000000002,
            "count": 294
        },
        "TagAgent.Policy.Beta.sum": {
            "value": 0.028,
            "min": 0.002000000000000001,
            "max": 0.0325,
            "count": 294
        },
        "TagAgent.Environment.EpisodeLength.mean": {
            "value": 196.08163265306123,
            "min": 178.03703703703704,
            "max": 199.0,
            "count": 294
        },
        "TagAgent.Environment.EpisodeLength.sum": {
            "value": 9608.0,
            "min": 9459.0,
            "max": 11372.0,
            "count": 294
        },
        "TagAgent.Environment.CumulativeReward.mean": {
            "value": -9.805484924541444,
            "min": -28.786853992513247,
            "max": -3.208072500417427,
            "count": 294
        },
        "TagAgent.Environment.CumulativeReward.sum": {
            "value": -480.46876130253077,
            "min": -1612.0638235807419,
            "max": -157.19555252045393,
            "count": 294
        },
        "TagAgent.Policy.ExtrinsicReward.mean": {
            "value": -9.805484924541444,
            "min": -28.786853992513247,
            "max": -3.208072500417427,
            "count": 294
        },
        "TagAgent.Policy.ExtrinsicReward.sum": {
            "value": -480.46876130253077,
            "min": -1612.0638235807419,
            "max": -157.19555252045393,
            "count": 294
        },
        "TagAgent.IsTraining.mean": {
            "value": 1.0,
            "min": 1.0,
            "max": 1.0,
            "count": 294
        },
        "TagAgent.IsTraining.sum": {
            "value": 1.0,
            "min": 1.0,
            "max": 1.0,
            "count": 294
        }
    },
    "metadata": {
        "timer_format_version": "0.1.0",
        "start_time_seconds": "1656005467",
        "python_version": "3.9.13 (tags/v3.9.13:6de2ca5, May 17 2022, 16:36:42) [MSC v.1929 64 bit (AMD64)]",
        "command_line_arguments": "C:\\app-projects\\18001179FYP\\venv\\Scripts\\mlagents-learn config/tagAgent.yaml --run-id=TagTest03 --resume",
        "mlagents_version": "0.29.0",
        "mlagents_envs_version": "0.29.0",
        "communication_protocol_version": "1.5.0",
        "pytorch_version": "1.7.1+cu110",
        "numpy_version": "1.21.2",
        "end_time_seconds": "1656021881"
    },
    "total": 16414.3257967,
    "count": 1,
    "self": 0.01192349999837461,
    "children": {
        "run_training.setup": {
            "total": 0.2510973999999999,
            "count": 1,
            "self": 0.2510973999999999
        },
        "TrainerController.start_learning": {
            "total": 16414.0627758,
            "count": 1,
            "self": 1.9588550001462863,
            "children": {
                "TrainerController._reset_env": {
                    "total": 20.6185485,
                    "count": 1,
                    "self": 20.6185485
                },
                "TrainerController.advance": {
                    "total": 16391.482537499855,
                    "count": 70092,
                    "self": 1.6280748997087358,
                    "children": {
                        "env_step": {
                            "total": 1046.9792821001506,
                            "count": 70092,
                            "self": 719.6992710000734,
                            "children": {
                                "SubprocessEnvManager._take_step": {
                                    "total": 326.3576117000725,
                                    "count": 70092,
                                    "self": 6.01215950010203,
                                    "children": {
                                        "TorchPolicy.evaluate": {
                                            "total": 320.34545219997045,
                                            "count": 60234,
                                            "self": 62.87408259979463,
                                            "children": {
                                                "TorchPolicy.sample_actions": {
                                                    "total": 257.4713696001758,
                                                    "count": 60234,
                                                    "self": 257.4713696001758
                                                }
                                            }
                                        }
                                    }
                                },
                                "workers": {
                                    "total": 0.9223994000047355,
                                    "count": 70091,
                                    "self": 0.0,
                                    "children": {
                                        "worker_root": {
                                            "total": 16380.336987399845,
                                            "count": 70091,
                                            "is_parallel": true,
                                            "self": 15843.596658700006,