{
    "name": "root",
    "gauges": {
        "MPTagAgent.Policy.Entropy.mean": {
            "value": 0.8707371354103088,
            "min": 0.8707371354103088,
            "max": 0.8707371354103088,
            "count": 1
        },
        "MPTagAgent.Policy.Entropy.sum": {
            "value": 107262.625,
            "min": 107262.625,
            "max": 107262.625,
            "count": 1
        },
        "MPTagAgent.Environment.EpisodeLength.mean": {
            "value": 132.05479452054794,
            "min": 132.05479452054794,
            "max": 132.05479452054794,
            "count": 1
        },
        "MPTagAgent.Environment.EpisodeLength.sum": {
            "value": 57840.0,
            "min": 57840.0,
            "max": 57840.0,
            "count": 1
        },
        "MPTagAgent.Self-play.ELO.mean": {
            "value": 1208.5623315193056,
            "min": 1208.5623315193056,
            "max": 1208.5623315193056,
            "count": 1
        },
        "MPTagAgent.Self-play.ELO.sum": {
            "value": 118439.10848889196,
            "min": 118439.10848889196,
            "max": 118439.10848889196,
            "count": 1
        },
        "MPTagAgent.Step.mean": {
            "value": 49593.0,
            "min": 49593.0,
            "max": 49593.0,
            "count": 1
        },
        "MPTagAgent.Step.sum": {
            "value": 49593.0,
            "min": 49593.0,
            "max": 49593.0,
            "count": 1
        },
        "MPTagAgent.Policy.ExtrinsicValueEstimate.mean": {
            "value": 0.7712113857269287,
            "min": 0.7712113857269287,
            "max": 0.7712113857269287,
            "count": 1
        },
        "MPTagAgent.Policy.ExtrinsicValueEstimate.sum": {
            "value": 104.11354064941406,
            "min": 104.11354064941406,
            "max": 104.11354064941406,
            "count": 1
        },
        "MPTagAgent.Policy.CuriosityValueEstimate.mean": {
            "value": 0.1020934209227562,
            "min": 0.1020934209227562,
            "max": 0.1020934209227562,
            "count": 1
        },
        "MPTagAgent.Policy.CuriosityValueEstimate.sum": {
            "value": 13.782611846923828,
            "min": 13.782611846923828,
            "max": 13.782611846923828,
            "count": 1
        },
        "MPTagAgent.Environment.CumulativeReward.mean": {
            "value": 0.4897959183673469,
            "min": 0.4897959183673469,
            "max": 0.4897959183673469,
            "count": 1
        },
        "MPTagAgent.Environment.CumulativeReward.sum": {
            "value": 48.0,
            "min": 48.0,
            "max": 48.0,
            "count": 1
        },
        "MPTagAgent.Policy.ExtrinsicReward.mean": {
            "value": 0.4897959183673469,
            "min": 0.4897959183673469,
            "max": 0.4897959183673469,
            "count": 1
        },
        "MPTagAgent.Policy.ExtrinsicReward.sum": {
            "value": 48.0,
            "min": 48.0,
            "max": 48.0,
            "count": 1
        },
        "MPTagAgent.Policy.CuriosityReward.mean": {
            "value": 0.0,
            "min": 0.0,
            "max": 0.0,
            "count": 1
        },
        "MPTagAgent.Policy.CuriosityReward.sum": {
            "value": 0.0,
            "min": 0.0,
            "max": 0.0,
            "count": 1
        },
        "MPTagAgent.IsTraining.mean": {
            "value": 1.0,
            "min": 1.0,
            "max": 1.0,
            "count": 1
        },
        "MPTagAgent.IsTraining.sum": {
            "value": 1.0,
            "min": 1.0,
            "max": 1.0,
            "count": 1
        }
    },
    "metadata": {
        "timer_format_version": "0.1.0",
        "start_time_seconds": "1658050772",
        "python_version": "3.9.13 (tags/v3.9.13:6de2ca5, May 17 2022, 16:36:42) [MSC v.1929 64 bit (AMD64)]",
        "command_line_arguments": "C:\\app-projects\\18001179FYP\\venv\\Scripts\\mlagents-learn config\\longHaul.yaml --run-id=TagAgent18 --initialize-from=TagAgent17",
        "mlagents_version": "0.29.0",
        "mlagents_envs_version": "0.29.0",
        "communication_protocol_version": "1.5.0",
        "pytorch_version": "1.7.1+cu110",
        "numpy_version": "1.21.2",
        "end_time_seconds": "1658050927"
    },
    "total": 154.9230121,
    "count": 1,
    "self": 0.010829699999987952,
    "children": {
        "run_training.setup": {
            "total": 0.34118400000000015,
            "count": 1,
            "self": 0.34118400000000015
        },
        "TrainerController.start_learning": {
            "total": 154.5709984,
            "count": 1,
            "self": 0.03322889999978429,
            "children": {
                "TrainerController._reset_env": {
                    "total": 30.691542700000007,
                    "count": 3,
                    "self": 30.691542700000007
                },
                "TrainerController.advance": {
                    "total": 122.00275180000024,
                    "count": 1300,
                    "self": 0.038631800000132444,
                    "children": {
                        "env_step": {
                            "total": 100.10575180000012,
                            "count": 1300,
                            "self": 91.76175330000007,
                            "children": {
                                "SubprocessEnvManager._take_step": {
                                    "total": 8.324166200000107,
                                    "count": 1300,
                                    "self": 0.2857082999998326,
                                    "children": {
                                        "TorchPolicy.evaluate": {
                                            "total": 8.038457900000274,
                                            "count": 2574,
                                            "self": 1.3980892000003422,
                                            "children": {
                                                "TorchPolicy.sample_actions": {
                                                    "total": 6.640368699999932,
                                                    "count": 2574,
                                                    "self": 6.640368699999932
                                                }
                                            }
                                        }
                                    }
                                },
                                "workers": {
                                    "total": 0.019832299999940517,
                                    "count": 1299,
                                    "self": 0.0,
                                    "children": {
                                        "worker_root": {
                                            "total": 81.54170519999981,
                                            "count": 1299,
                                            "is_parallel": true,
                                            "self": 58.26018909999972,
                                            "children": {
                                                "steps_from_proto": {
                                                    "total": 0.009897099999998105,
                                                    "count": 6,
                                                    "is_parallel": true,
                                                    "self": 0.0011921000000150173,
                                                    "children": {
                                                        "_process_rank_one_or_two_observation": {
                                                            "total": 0.008704999999983087,
                                                            "count": 12,
                                                            "is_parallel": true,